Item Details,,,,,,,Pickup Details,,,,,,,,,Dropoff Details,,,,,,,,,Extra,,
Description *,Weight *,Length,Width,Height,Quantity,Service Type,Address Line 1 *,Address Line 2,Country,Zipcode,From *,To *,Contact Name,Contact Phone,Contact Company,Address Line 1 *,Address Line 2,Country,Zipcode,From *,To *,Contact Name,Contact Phone,Contact Company,External Item ID 1 *,External Item ID 2,External Item ID 3
1 package,5,50,40,40,1,sameday,"1h 07 168 shopping mall building 2 binondo Manila,Metro Manila~Manila,Binondo,Barangay 293",Metro Manila-Manila,,,18/06/2021 00:00:00,18/06/2021 00:30:00,Aimee cheng,9164728333,,"Katurian Rd, corner Mabato, Taguig, Metro Manila, Philippines",Taguig City,Philippines,,18/06/2021 01:00:00,18/06/2021 01:30:00,Lazada Tipas Cross-dock,9178058015,,YOJ-0-1623984455767,,
1 package,5,50,40,40,1,sameday,"34 Mayor Tanyag Ave., South Signal Village, Taguig City",Metro Manila-Taguig,,,18/06/2021 02:00:00,18/06/2021 02:30:00,Moeder Home International Corp.,9088916273,,"Katurian Rd, corner Mabato, Taguig, Metro Manila, Philippines",Taguig City,Philippines,,18/06/2021 03:00:00,18/06/2021 03:30:00,Lazada Tipas Cross-dock,9178058015,,YOJ-1-1623984455767,,
1 package,5,50,40,40,1,sameday,"3rd floor 748 Caballeros st. Binondo Manila,Metro Manila~Manila,San Nicolas,Barangay 282",Metro Manila-Manila,,,18/06/2021 04:00:00,18/06/2021 04:30:00,well-come shop,9176117789,,"Katurian Rd, corner Mabato, Taguig, Metro Manila, Philippines",Taguig City,Philippines,,18/06/2021 05:00:00,18/06/2021 05:30:00,Lazada Tipas Cross-dock,9178058015,,YOJ-2-1623984455767,,
1 package,5,50,40,40,1,sameday,"281 H. San Fernando St. Binondo Manila,Metro Manila~Manila,San Nicolas,Barangay 284",Metro Manila-Manila,,,18/06/2021 06:00:00,18/06/2021 06:30:00,Style Loft,9175428859,,"Katurian Rd, corner Mabato, Taguig, Metro Manila, Philippines",Taguig City,Philippines,,18/06/2021 07:00:00,18/06/2021 07:30:00,Lazada Tipas Cross-dock,9178058015,,YOJ-3-1623984455767,,
1 package,5,50,40,40,1,sameday,"281 H. San Fernando St. Binondo Manila,Metro Manila~Manila,San Nicolas,Barangay 284",Metro Manila-Manila,,,18/06/2021 08:00:00,18/06/2021 08:30:00,Style Loft,9175428859,,"Katurian Rd, corner Mabato, Taguig, Metro Manila, Philippines",Taguig City,Philippines,,18/06/2021 09:00:00,18/06/2021 09:30:00,Lazada Tipas Cross-dock,9178058015,,YOJ-4-1623984455767,,
1 package,5,50,40,40,1,sameday,"TA202 Gardenville,Metro Manila~Manila,Santa Mesa,Barangay 606",Metro Manila~Manila,,,18/06/2021 10:00:00,18/06/2021 10:30:00,Beetro,9178394412,,"Katurian Rd, corner Mabato, Taguig, Metro Manila, Philippines",Taguig City,Philippines,,18/06/2021 11:00:00,18/06/2021 11:30:00,Lazada Tipas Cross-dock,9178058015,,YOJ-5-1623984455767,,
1 package,5,50,40,40,1,sameday,35A mc Arthur Highway,Metro Manila~Malabon,,,18/06/2021 12:00:00,18/06/2021 12:30:00,Malachi,9494435961,,"Katurian Rd, corner Mabato, Taguig, Metro Manila, Philippines",Taguig City,Philippines,,18/06/2021 13:00:00,18/06/2021 13:30:00,Lazada Tipas Cross-dock,9178058015,,YOJ-6-1623984455767,,
1 package,5,50,40,40,1,sameday,"Park Lane Tower ROOM 601, 1107 Mayhaligue st, Tondo,Manila,Metro Manila~Manila,Tondo I / Ii,Barangay 238",Metro Manila-Manila,,,18/06/2021 14:00:00,18/06/2021 14:30:00,Maxbazaar,9158867637,,"Katurian Rd, corner Mabato, Taguig, Metro Manila, Philippines",Taguig City,Philippines,,18/06/2021 15:00:00,18/06/2021 15:30:00,Lazada Tipas Cross-dock,9178058015,,YOJ-7-1623984455767,,
1 package,5,50,40,40,1,sameday,"Unit 904 Torre Lorenzo condominium,2587 p ocampo st for Taft avenue,Metro Manila~Manila,Malate,Barangay 719",Metro Manila-Manila,,,18/06/2021 16:00:00,18/06/2021 16:30:00,BV JEANS,9177854525,,"Katurian Rd, corner Mabato, Taguig, Metro Manila, Philippines",Taguig City,Philippines,,18/06/2021 17:00:00,18/06/2021 17:30:00,Lazada Tipas Cross-dock,9178058015,,YOJ-8-1623984455767,,
1 package,5,50,40,40,1,sameday,"962 d castro st valenzuela city,Metro Manila~Valenzuela,Valenzuela City,Malanday",Metro Manila-Valenzuela,,,18/06/2021 18:00:00,18/06/2021 18:30:00,Gift Toys 168,9175784777,,"Katurian Rd, corner Mabato, Taguig, Metro Manila, Philippines",Taguig City,Philippines,,18/06/2021 19:00:00,18/06/2021 19:30:00,Lazada Tipas Cross-dock,9178058015,,YOJ-9-1623984455767,,
1 package,5,50,40,40,1,sameday,"34 bustamante st. Corner benin st. Caloocan,Metro Manila~Caloocan,Caloocan City,Barangay 86",Metro Manila-Caloocan,Philippines,,18/06/2021 20:00:00,18/06/2021 20:30:00,Audio Image,9175215557,,"Katurian Rd, corner Mabato, Taguig, Metro Manila, Philippines",Taguig City,Philippines,,18/06/2021 21:00:00,18/06/2021 21:30:00,Lazada Tipas Cross-dock,9178058015,,YOJ-10-1623984455767,,
1 package,5,50,40,40,1,sameday,"9th Floor Ablaza Building 117 E. Rodriguez Sr,Brgy Tatalon, Quezon City",Metro Manila-Quezon City,,,18/06/2021 22:00:00,18/06/2021 22:30:00,Vtech PH,9276727806,,"Katurian Rd, corner Mabato, Taguig, Metro Manila, Philippines",Taguig City,Philippines,,18/06/2021 23:00:00,18/06/2021 23:30:00,Lazada Tipas Cross-dock,9178058015,,YOJ-11-1623984455767,,
1 package,5,50,40,40,1,sameday,"540 Franciscan St. Sta. Ana Village, Brgy. Sunvalley, Parañaque City, Manila,Metro Manila~Paranaque,Paranaque City,Sun Valley",Metro Manila-Paranaque,,,19/06/2021 00:00:00,19/06/2021 00:30:00,The Wholesale Distributor,9159894415,,"Katurian Rd, corner Mabato, Taguig, Metro Manila, Philippines",Taguig City,Philippines,,19/06/2021 01:00:00,19/06/2021 01:30:00,Lazada Tipas Cross-dock,9178058015,,YOJ-12-1623984455767,,
1 package,5,50,40,40,1,sameday,"Unit 11 G/F Newton Plaza No. 4408 Old Sta. Mesa St.,Brgy 592 Zone 58 Sampaloc Manila, Sta. Mesa",Metro Manila~Manila,,,19/06/2021 02:00:00,19/06/2021 02:30:00,THM Motorcycles and Accessories,9179386669,,"Katurian Rd, corner Mabato, Taguig, Metro Manila, Philippines",Taguig City,Philippines,,19/06/2021 03:00:00,19/06/2021 03:30:00,Lazada Tipas Cross-dock,9178058015,,YOJ-13-1623984455767,,
1 package,5,50,40,40,1,sameday,785 Panay Street Sampaloc Manila,Metro Manila~Manila,,,19/06/2021 04:00:00,19/06/2021 04:30:00,AGP,9178301879,,"Katurian Rd, corner Mabato, Taguig, Metro Manila, Philippines",Taguig City,Philippines,,19/06/2021 05:00:00,19/06/2021 05:30:00,Lazada Tipas Cross-dock,9178058015,,YOJ-14-1623984455767,,
1 package,5,50,40,40,1,sameday,"1745 Dagupan St.,Metro Manila~Manila,Tondo I / Ii,Barangay 53",Metro Manila-Manila,,,19/06/2021 06:00:00,19/06/2021 06:30:00,best seller 21,9178793012,,"Katurian Rd, corner Mabato, Taguig, Metro Manila, Philippines",Taguig City,Philippines,,19/06/2021 07:00:00,19/06/2021 07:30:00,Lazada Tipas Cross-dock,9178058015,,YOJ-15-1623984455767,,
1 package,5,50,40,40,1,sameday,"2182 Sobriedad Extension,Metro Manila~Manila,Sampaloc,Barangay 540",Metro Manila-Manila,,,19/06/2021 08:00:00,19/06/2021 08:30:00,Trusty Hub,9387892799,,"Katurian Rd, corner Mabato, Taguig, Metro Manila, Philippines",Taguig City,Philippines,,19/06/2021 09:00:00,19/06/2021 09:30:00,Lazada Tipas Cross-dock,9178058015,,YOJ-16-1623984455767,,
1 package,5,50,40,40,1,sameday,"147 Sto. Domingo Ave.,Metro Manila~Quezon City,Quezon City,Manresa",Metro Manila-Quezon City,,,19/06/2021 10:00:00,19/06/2021 10:30:00,Madtracks Auto Center,9171521987,,"Katurian Rd, corner Mabato, Taguig, Metro Manila, Philippines",Taguig City,Philippines,,19/06/2021 11:00:00,19/06/2021 11:30:00,Lazada Tipas Cross-dock,9178058015,,YOJ-17-1623984455767,,
1 package,5,50,40,40,1,sameday,"147 Sto. Domingo Ave.,Metro Manila~Quezon City,Quezon City,Manresa",Metro Manila-Quezon City,,,19/06/2021 12:00:00,19/06/2021 12:30:00,Madtracks Auto Center,9171521987,,"Katurian Rd, corner Mabato, Taguig, Metro Manila, Philippines",Taguig City,Philippines,,19/06/2021 13:00:00,19/06/2021 13:30:00,Lazada Tipas Cross-dock,9178058015,,YOJ-18-1623984455767,,
1 package,5,50,40,40,1,sameday,"1995 Juan Luna Street C20 Landwealth Condominium Tondo Manila,Metro Manila~Manila,Tondo I / Ii,Barangay 151",Metro Manila-Manila,,,19/06/2021 14:00:00,19/06/2021 14:30:00,OfficePro,9175122218,,"Katurian Rd, corner Mabato, Taguig, Metro Manila, Philippines",Taguig City,Philippines,,19/06/2021 15:00:00,19/06/2021 15:30:00,Lazada Tipas Cross-dock,9178058015,,YOJ-19-1623984455767,,
1 package,5,50,40,40,1,sameday,"52 A. Pablo St, Valenzuela, Metro Manila",Metro Manila~Valenzuela,,,19/06/2021 16:00:00,19/06/2021 16:30:00,Black worm,9173793256,,"Katurian Rd, corner Mabato, Taguig, Metro Manila, Philippines",Taguig City,Philippines,,19/06/2021 17:00:00,19/06/2021 17:30:00,Lazada Tipas Cross-dock,9178058015,,YOJ-20-1623984455767,,
1 package,5,50,40,40,1,sameday,"2660 Park Avenue,Metro Manila~Pasay,Pasay City,Barangay 30",,,,19/06/2021 18:00:00,19/06/2021 18:30:00,Flitch Home,9178499797,,"Katurian Rd, corner Mabato, Taguig, Metro Manila, Philippines",Taguig City,Philippines,,19/06/2021 19:00:00,19/06/2021 19:30:00,Lazada Tipas Cross-dock,9178058015,,YOJ-21-1623984455767,,
1 package,5,50,40,40,1,sameday,"2852 Aurora Boulevard Sta. Cruz Manila,Metro Manila~Manila,Santa Cruz,Barangay 375",Metro Manila-Manila,,,19/06/2021 20:00:00,19/06/2021 20:30:00,Juliana's Kotse Abubots,9174443513,,"Katurian Rd, corner Mabato, Taguig, Metro Manila, Philippines",Taguig City,Philippines,,19/06/2021 21:00:00,19/06/2021 21:30:00,Lazada Tipas Cross-dock,9178058015,,YOJ-22-1623984455767,,
1 package,5,50,40,40,1,sameday,"52 A. Pablo St, Valenzuela, Metro Manila",Metro Manila~Valenzuela,,,19/06/2021 22:00:00,19/06/2021 22:30:00,Black worm,9173793256,,"Katurian Rd, corner Mabato, Taguig, Metro Manila, Philippines",Taguig City,Philippines,,19/06/2021 23:00:00,19/06/2021 23:30:00,Lazada Tipas Cross-dock,9178058015,,YOJ-23-1623984455767,,
1 package,5,50,40,40,1,sameday,"B7 L1 Alley 6 Dahlia St. Metrocor Homes Almar Subdivision.,Metro Manila~Caloocan,Caloocan City,Barangay 177",Metro Manila-Caloocan,,,20/06/2021 00:00:00,20/06/2021 00:30:00,CJZM,9335651112,,"Katurian Rd, corner Mabato, Taguig, Metro Manila, Philippines",Taguig City,Philippines,,20/06/2021 01:00:00,20/06/2021 01:30:00,Lazada Tipas Cross-dock,9178058015,,YOJ-24-1623984455767,,
1 package,5,50,40,40,1,sameday,500-A Altura St. Barangay 576 Sta. Mesa Sampaloc Manila,Metro Manila-Manila,,,20/06/2021 02:00:00,20/06/2021 02:30:00,HOMU Appliance Outlet,9255546537,,"Katurian Rd, corner Mabato, Taguig, Metro Manila, Philippines",Taguig City,Philippines,,20/06/2021 03:00:00,20/06/2021 03:30:00,Lazada Tipas Cross-dock,9178058015,,YOJ-25-1623984455767,,
1 package,5,50,40,40,1,sameday,"15 Hernandez St. SFDM Quezon City,Metro Manila~Quezon City,Quezon City,Paltok",Metro Manila-Quezon City,,,20/06/2021 04:00:00,20/06/2021 04:30:00,Getha ,9178367890,,"Katurian Rd, corner Mabato, Taguig, Metro Manila, Philippines",Taguig City,Philippines,,20/06/2021 05:00:00,20/06/2021 05:30:00,Lazada Tipas Cross-dock,9178058015,,YOJ-26-1623984455767,,
1 package,5,50,40,40,1,sameday,500-A Altura St. Barangay 576 Sta. Mesa Sampaloc Manila,Metro Manila-Manila,,,20/06/2021 06:00:00,20/06/2021 06:30:00,HOMU Appliance Outlet,9255546537,,"Katurian Rd, corner Mabato, Taguig, Metro Manila, Philippines",Taguig City,Philippines,,20/06/2021 07:00:00,20/06/2021 07:30:00,Lazada Tipas Cross-dock,9178058015,,YOJ-27-1623984455767,,
1 package,5,50,40,40,1,sameday,#1 G. Molino Street,Metro Manila~Valenzuela,,,20/06/2021 08:00:00,20/06/2021 08:30:00,Getha ,9959245071,,"Katurian Rd, corner Mabato, Taguig, Metro Manila, Philippines",Taguig City,Philippines,,20/06/2021 09:00:00,20/06/2021 09:30:00,Lazada Tipas Cross-dock,9178058015,,YOJ-28-1623984455768,,
1 package,5,50,40,40,1,sameday,"168 SHOPPING MALL 1K20.SOLER ST.BINNONDO MANILA.barangay 293. Binondo metro Manila 1006,Metro Manila~Manila,Binondo,Barangay 293",Metro Manila-Manila,,,20/06/2021 10:00:00,20/06/2021 10:30:00,lucky grass fashion wear,9165388866,,"Katurian Rd, corner Mabato, Taguig, Metro Manila, Philippines",Taguig City,Philippines,,20/06/2021 11:00:00,20/06/2021 11:30:00,Lazada Tipas Cross-dock,9178058015,,YOJ-29-1623984455768,,
1 package,5,50,40,40,1,sameday,"3 ilang ilang street karuhatan, valenzuela city,Metro Manila~Valenzuela,Valenzuela City,Karuhatan",Metro Manila-Valenzuela,,,20/06/2021 12:00:00,20/06/2021 12:30:00,PSCF General Merchandise,9394167121,,"Katurian Rd, corner Mabato, Taguig, Metro Manila, Philippines",Taguig City,Philippines,,20/06/2021 13:00:00,20/06/2021 13:30:00,Lazada Tipas Cross-dock,9178058015,,YOJ-30-1623984455768,,
1 package,5,50,40,40,1,sameday,"540 Franciscan St. Sta. Ana Village, Brgy. Sunvalley, Parañaque City, Manila,Metro Manila~Paranaque,Paranaque City,Sun Valley",Metro Manila-Paranaque,,,20/06/2021 14:00:00,20/06/2021 14:30:00,The Wholesale Distributor,9159894415,,"Katurian Rd, corner Mabato, Taguig, Metro Manila, Philippines",Taguig City,Philippines,,20/06/2021 15:00:00,20/06/2021 15:30:00,Lazada Tipas Cross-dock,9178058015,,YOJ-31-1623984455768,,
1 package,5,50,40,40,1,sameday,"New Wealth Properties Compound, 3270C Merville Access Road (Armstrong Road), Merville Park, Barangay 201 Kalayaan, Pasay City, Metro Manila, PH",Metro Manila-Pasay,,,20/06/2021 16:00:00,20/06/2021 16:30:00,AKTIVE SPORTS,9175592647,,"Katurian Rd, corner Mabato, Taguig, Metro Manila, Philippines",Taguig City,Philippines,,20/06/2021 17:00:00,20/06/2021 17:30:00,Lazada Tipas Cross-dock,9178058015,,YOJ-32-1623984455768,,
1 package,5,50,40,40,1,sameday,"1h 07 168 shopping mall building 2 binondo Manila,Metro Manila~Manila,Binondo,Barangay 293",Metro Manila-Manila,,,20/06/2021 18:00:00,20/06/2021 18:30:00,Aimee cheng,9164728333,,"Katurian Rd, corner Mabato, Taguig, Metro Manila, Philippines",Taguig City,Philippines,,20/06/2021 19:00:00,20/06/2021 19:30:00,Lazada Tipas Cross-dock,9178058015,,YOJ-33-1623984455768,,
1 package,5,50,40,40,1,sameday,35A mc Arthur Highway,Metro Manila~Malabon,,,20/06/2021 20:00:00,20/06/2021 20:30:00,Malachi,9494435961,,"Katurian Rd, corner Mabato, Taguig, Metro Manila, Philippines",Taguig City,Philippines,,20/06/2021 21:00:00,20/06/2021 21:30:00,Lazada Tipas Cross-dock,9178058015,,YOJ-34-1623984455768,,
1 package,5,50,40,40,1,sameday,"#882 Unit o33 Capistrano St.,Metro Manila~Taguig,Taguig City,Ibayo~Tipas",Metro Manila-Taguig,,,20/06/2021 22:00:00,20/06/2021 22:30:00,BaratPH General Merchandise,9125704965,,"Katurian Rd, corner Mabato, Taguig, Metro Manila, Philippines",Taguig City,Philippines,,20/06/2021 23:00:00,20/06/2021 23:30:00,Lazada Tipas Cross-dock,9178058015,,YOJ-35-1623984455768,,
1 package,5,50,40,40,1,sameday,"206 Don Juan santos Bldg. Quezon Blvd Brgy. 384 zone 39 Quiapo Manila,Metro Manila~Manila,Quiapo,Barangay 384",Metro Manila-Manila,,,21/06/2021 00:00:00,21/06/2021 00:30:00,MEGAJMS,9562505076,,"Katurian Rd, corner Mabato, Taguig, Metro Manila, Philippines",Taguig City,Philippines,,21/06/2021 01:00:00,21/06/2021 01:30:00,Lazada Tipas Cross-dock,9178058015,,YOJ-36-1623984455768,,
1 package,5,50,40,40,1,sameday,"B7 L1 Alley 6 Dahlia St. Metrocor Homes Almar Subdivision.,Metro Manila~Caloocan,Caloocan City,Barangay 177",Metro Manila-Caloocan,,,21/06/2021 02:00:00,21/06/2021 02:30:00,CJZM,9335651112,,"Katurian Rd, corner Mabato, Taguig, Metro Manila, Philippines",Taguig City,Philippines,,21/06/2021 03:00:00,21/06/2021 03:30:00,Lazada Tipas Cross-dock,9178058015,,YOJ-37-1623984455768,,
1 package,5,50,40,40,1,sameday,35A mc Arthur Highway,Metro Manila~Malabon,,,21/06/2021 04:00:00,21/06/2021 04:30:00,Hello Baby,9175977777,,"Katurian Rd, corner Mabato, Taguig, Metro Manila, Philippines",Taguig City,Philippines,,21/06/2021 05:00:00,21/06/2021 05:30:00,Lazada Tipas Cross-dock,9178058015,,YOJ-38-1623984455768,,
1 package,5,50,40,40,1,sameday,"49 Assistant St. GSIS Village Project 8,Metro Manila~Quezon City,Quezon City,Bahay Toro",Metro Manila-Quezon City,,,21/06/2021 06:00:00,21/06/2021 06:30:00,BabySM Shop2,9163181643,,"Katurian Rd, corner Mabato, Taguig, Metro Manila, Philippines",Taguig City,Philippines,,21/06/2021 07:00:00,21/06/2021 07:30:00,Lazada Tipas Cross-dock,9178058015,,YOJ-39-1623984455768,,
1 package,5,50,40,40,1,sameday,"KLG Bldg. Delbros Ave cor. Venicia De Leon St. Brgy. Ibayo, Paranaque City",Metro Manila-Paranaque,,,21/06/2021 08:00:00,21/06/2021 08:30:00,Arcopal Philippines,9061690876,,"Katurian Rd, corner Mabato, Taguig, Metro Manila, Philippines",Taguig City,Philippines,,21/06/2021 09:00:00,21/06/2021 09:30:00,Lazada Tipas Cross-dock,9178058015,,YOJ-40-1623984455768,,
1 package,5,50,40,40,1,sameday,"540 Franciscan St. Sta. Ana Village, Brgy. Sunvalley, Parañaque City, Manila,Metro Manila~Paranaque,Paranaque City,Sun Valley",Metro Manila-Paranaque,,,21/06/2021 10:00:00,21/06/2021 10:30:00,The Wholesale Distributor,9159894415,,"Katurian Rd, corner Mabato, Taguig, Metro Manila, Philippines",Taguig City,Philippines,,21/06/2021 11:00:00,21/06/2021 11:30:00,Lazada Tipas Cross-dock,9178058015,,YOJ-41-1623984455768,,
1 package,5,50,40,40,1,sameday,"34 bustamante st. Corner benin st. Caloocan,Metro Manila~Caloocan,Caloocan City,Barangay 86",Metro Manila-Caloocan,Philippines,,21/06/2021 12:00:00,21/06/2021 12:30:00,Audio Image,9175215557,,"Katurian Rd, corner Mabato, Taguig, Metro Manila, Philippines",Taguig City,Philippines,,21/06/2021 13:00:00,21/06/2021 13:30:00,Lazada Tipas Cross-dock,9178058015,,YOJ-42-1623984455768,,
1 package,5,50,40,40,1,sameday,"2nd Floor Arranque Building 1388 CM Recto Ave. corner Teodora Alonzo St., Sta. Cruz, Manila (same building with Mercury Drug and Western Appliances)",Metro Manila~Manila,,,21/06/2021 14:00:00,21/06/2021 14:30:00,GIGATOOLS INDUSTRIAL CENTER,9173058367,,"Katurian Rd, corner Mabato, Taguig, Metro Manila, Philippines",Taguig City,Philippines,,21/06/2021 15:00:00,21/06/2021 15:30:00,Lazada Tipas Cross-dock,9178058015,,YOJ-43-1623984455768,,
1 package,5,50,40,40,1,sameday,"3rd floor 748 Caballeros st. Binondo Manila,Metro Manila~Manila,San Nicolas,Barangay 282",Metro Manila-Manila,,,21/06/2021 16:00:00,21/06/2021 16:30:00,well-come shop,9176117789,,"Katurian Rd, corner Mabato, Taguig, Metro Manila, Philippines",Taguig City,Philippines,,21/06/2021 17:00:00,21/06/2021 17:30:00,Lazada Tipas Cross-dock,9178058015,,YOJ-44-1623984455768,,
1 package,5,50,40,40,1,sameday,"room504.716 republic supermarkets bldg.rizal ave era cruz manila barangay 304,santa cruz merto manila,1003",Metro Manila~Manila,,,21/06/2021 18:00:00,21/06/2021 18:30:00,pink pig.ph,9053598894,,"Katurian Rd, corner Mabato, Taguig, Metro Manila, Philippines",Taguig City,Philippines,,21/06/2021 19:00:00,21/06/2021 19:30:00,Lazada Tipas Cross-dock,9178058015,,YOJ-45-1623984455768,,
1 package,5,50,40,40,1,sameday,"1H-07 168 shopping mall soler st brgy 293 zone 28 binondo manila,Metro Manila~Manila,Binondo,Barangay 293",Metro Manila-Manila,,,21/06/2021 20:00:00,21/06/2021 20:30:00,ivan cheng 01,9776041840,,"Katurian Rd, corner Mabato, Taguig, Metro Manila, Philippines",Taguig City,Philippines,,21/06/2021 21:00:00,21/06/2021 21:30:00,Lazada Tipas Cross-dock,9178058015,,YOJ-46-1623984455768,,
1 package,5,50,40,40,1,sameday,"540 Franciscan St. Sta. Ana Village, Brgy. Sunvalley, Parañaque City, Manila,Metro Manila~Paranaque,Paranaque City,Sun Valley",Metro Manila-Paranaque,,,21/06/2021 22:00:00,21/06/2021 22:30:00,The Wholesale Distributor,9159894415,,"Katurian Rd, corner Mabato, Taguig, Metro Manila, Philippines",Taguig City,Philippines,,21/06/2021 23:00:00,21/06/2021 23:30:00,Lazada Tipas Cross-dock,9178058015,,YOJ-47-1623984455768,,
1 package,5,50,40,40,1,sameday,"room504.716 republic supermarkets bldg.rizal ave era cruz manila barangay 304,santa cruz merto manila,1003",Metro Manila~Manila,,,22/06/2021 00:00:00,22/06/2021 00:30:00,pink pig.ph,9053598894,,"Katurian Rd, corner Mabato, Taguig, Metro Manila, Philippines",Taguig City,Philippines,,22/06/2021 01:00:00,22/06/2021 01:30:00,Lazada Tipas Cross-dock,9178058015,,YOJ-48-1623984455768,,
1 package,5,50,40,40,1,sameday,"Suite 303 3rd Floor Singson Building, Plaza Moraga, Binondo, Manila Manila City, 1006 Philippines",Metro Manila - Binondo,,,22/06/2021 02:00:00,22/06/2021 02:30:00,TammyStore,9328833086,,"Katurian Rd, corner Mabato, Taguig, Metro Manila, Philippines",Taguig City,Philippines,,22/06/2021 03:00:00,22/06/2021 03:30:00,Lazada Tipas Cross-dock,9178058015,,YOJ-49-1623984455768,,
1 package,5,50,40,40,1,sameday,"211-A Leas Building Katipunan Avenue, Brgy Blue Bridge",Metro Manila~Quezon City,,,22/06/2021 04:00:00,22/06/2021 04:30:00,PTT Lubricants Oil,6327992536,,"Katurian Rd, corner Mabato, Taguig, Metro Manila, Philippines",Taguig City,Philippines,,22/06/2021 05:00:00,22/06/2021 05:30:00,Lazada Tipas Cross-dock,9178058015,,YOJ-50-1623984455768,,
1 package,5,50,40,40,1,sameday,TestAddress_4,Metro Manila-Quezon City,,,22/06/2021 06:00:00,22/06/2021 06:30:00,US Original Hardware and Construction Supplies Inc,9178367890,,"Katurian Rd, corner Mabato, Taguig, Metro Manila, Philippines",Taguig City,Philippines,,22/06/2021 07:00:00,22/06/2021 07:30:00,Lazada Tipas Cross-dock,9178058015,,YOJ-51-1623984455768,,
1 package,5,50,40,40,1,sameday,"9th Floor Ablaza Building 117 E. Rodriguez Sr,Brgy Tatalon, Quezon City",Metro Manila-Quezon City,,,22/06/2021 08:00:00,22/06/2021 08:30:00,Vtech PH,9276727806,,"Katurian Rd, corner Mabato, Taguig, Metro Manila, Philippines",Taguig City,Philippines,,22/06/2021 09:00:00,22/06/2021 09:30:00,Lazada Tipas Cross-dock,9178058015,,YOJ-52-1623984455768,,
1 package,5,50,40,40,1,sameday,"206 Don Juan santos Bldg. Quezon Blvd Brgy. 384 zone 39 Quiapo Manila,Metro Manila~Manila,Quiapo,Barangay 384",Metro Manila-Manila,,,22/06/2021 10:00:00,22/06/2021 10:30:00,MEGAJMS,9562505076,,"Katurian Rd, corner Mabato, Taguig, Metro Manila, Philippines",Taguig City,Philippines,,22/06/2021 11:00:00,22/06/2021 11:30:00,Lazada Tipas Cross-dock,9178058015,,YOJ-53-1623984455768,,
1 package,5,50,40,40,1,sameday,785 Panay Street Sampaloc Manila,Metro Manila~Manila,,,22/06/2021 12:00:00,22/06/2021 12:30:00,AGP,9178301879,,"Katurian Rd, corner Mabato, Taguig, Metro Manila, Philippines",Taguig City,Philippines,,22/06/2021 13:00:00,22/06/2021 13:30:00,Lazada Tipas Cross-dock,9178058015,,YOJ-54-1623984455768,,
1 package,5,50,40,40,1,sameday,"540 Franciscan St. Sta. Ana Village, Brgy. Sunvalley, Parañaque City, Manila,Metro Manila~Paranaque,Paranaque City,Sun Valley",Metro Manila-Paranaque,,,22/06/2021 14:00:00,22/06/2021 14:30:00,The General Hub,9451945749,,"Katurian Rd, corner Mabato, Taguig, Metro Manila, Philippines",Taguig City,Philippines,,22/06/2021 15:00:00,22/06/2021 15:30:00,Lazada Tipas Cross-dock,9178058015,,YOJ-55-1623984455768,,
1 package,5,50,40,40,1,sameday,"15 Hernandez St. SFDM Quezon City,Metro Manila~Quezon City,Quezon City,Paltok",Metro Manila-Quezon City,,,22/06/2021 16:00:00,22/06/2021 16:30:00,Getha ,9178367890,,"Katurian Rd, corner Mabato, Taguig, Metro Manila, Philippines",Taguig City,Philippines,,22/06/2021 17:00:00,22/06/2021 17:30:00,Lazada Tipas Cross-dock,9178058015,,YOJ-56-1623984455768,,
1 package,5,50,40,40,1,sameday,"143 Puso Street Coloong I, Valenzuela City,Metro Manila~Valenzuela,Valenzuela City,Coloong",Metro Manila-Valenzuela,,,22/06/2021 18:00:00,22/06/2021 18:30:00,grandera,9672231085,,"Katurian Rd, corner Mabato, Taguig, Metro Manila, Philippines",Taguig City,Philippines,,22/06/2021 19:00:00,22/06/2021 19:30:00,Lazada Tipas Cross-dock,9178058015,,YOJ-57-1623984455768,,
1 package,5,50,40,40,1,sameday,"906 Sabino Padilla street, Branagay 295 zone 28 , binondo Manila,Metro Manila~Manila,Binondo,Barangay 295",Metro Manila-Manila,,,22/06/2021 20:00:00,22/06/2021 20:30:00,BHMarketing000,9388025622,,"Katurian Rd, corner Mabato, Taguig, Metro Manila, Philippines",Taguig City,Philippines,,22/06/2021 21:00:00,22/06/2021 21:30:00,Lazada Tipas Cross-dock,9178058015,,YOJ-58-1623984455768,,
1 package,5,50,40,40,1,sameday,6A Dama De Noche St. UPSN Comp. Brgy. Marcelo Green Sucat Paranaque,Metro Manila-Paranaque,,,22/06/2021 22:00:00,22/06/2021 22:30:00,X-One,9055684916,,"Katurian Rd, corner Mabato, Taguig, Metro Manila, Philippines",Taguig City,Philippines,,22/06/2021 23:00:00,22/06/2021 23:30:00,Lazada Tipas Cross-dock,9178058015,,YOJ-59-1623984455768,,
1 package,5,50,40,40,1,sameday,"281 H. San Fernando St. Binondo Manila,Metro Manila~Manila,San Nicolas,Barangay 284",Metro Manila-Manila,,,23/06/2021 00:00:00,23/06/2021 00:30:00,Style Loft,9175428859,,"Katurian Rd, corner Mabato, Taguig, Metro Manila, Philippines",Taguig City,Philippines,,23/06/2021 01:00:00,23/06/2021 01:30:00,Lazada Tipas Cross-dock,9178058015,,YOJ-60-1623984455768,,
1 package,5,50,40,40,1,sameday,"1h 07 168 shopping mall building 2 binondo Manila,Metro Manila~Manila,Binondo,Barangay 293",Metro Manila-Manila,,,23/06/2021 02:00:00,23/06/2021 02:30:00,Aimee cheng,9164728333,,"Katurian Rd, corner Mabato, Taguig, Metro Manila, Philippines",Taguig City,Philippines,,23/06/2021 03:00:00,23/06/2021 03:30:00,Lazada Tipas Cross-dock,9178058015,,YOJ-61-1623984455768,,
1 package,5,50,40,40,1,sameday,#1 G. Molino Street,Metro Manila~Valenzuela,,,23/06/2021 04:00:00,23/06/2021 04:30:00,Getha ,9959245071,,"Katurian Rd, corner Mabato, Taguig, Metro Manila, Philippines",Taguig City,Philippines,,23/06/2021 05:00:00,23/06/2021 05:30:00,Lazada Tipas Cross-dock,9178058015,,YOJ-62-1623984455768,,
1 package,5,50,40,40,1,sameday,"10233 Centennial 2-A, Nagpayong, Pasig City (Google map pin ",Metro Manila~Pasig,,,23/06/2021 06:00:00,23/06/2021 06:30:00,Cyqueen0906,9355829087,,"Katurian Rd, corner Mabato, Taguig, Metro Manila, Philippines",Taguig City,Philippines,,23/06/2021 07:00:00,23/06/2021 07:30:00,Lazada Tipas Cross-dock,9178058015,,YOJ-63-1623984455768,,
1 package,5,50,40,40,1,sameday,"#80 7th Avenue, Grace Park, Caloocan City,Metro Manila~Caloocan,Caloocan City,Barangay 58",Metro Manila-Caloocan,,,23/06/2021 08:00:00,23/06/2021 08:30:00,Synergy Sales International,9176573674,,"Katurian Rd, corner Mabato, Taguig, Metro Manila, Philippines",Taguig City,Philippines,,23/06/2021 09:00:00,23/06/2021 09:30:00,Lazada Tipas Cross-dock,9178058015,,YOJ-64-1623984455768,,
1 package,5,50,40,40,1,sameday,"#882 Unit o33 Capistrano St.,Metro Manila~Taguig,Taguig City,Ibayo~Tipas",Metro Manila-Taguig,,,23/06/2021 10:00:00,23/06/2021 10:30:00,BaratPH General Merchandise,9125704965,,"Katurian Rd, corner Mabato, Taguig, Metro Manila, Philippines",Taguig City,Philippines,,23/06/2021 11:00:00,23/06/2021 11:30:00,Lazada Tipas Cross-dock,9178058015,,YOJ-65-1623984455768,,
1 package,5,50,40,40,1,sameday,"2L-04-06 999 Mall Blg2,Metro Manila~Manila,Binondo,Barangay 293",Metro Manila-Manila,,,23/06/2021 12:00:00,23/06/2021 12:30:00,Kelly 733,9669166024,,"Katurian Rd, corner Mabato, Taguig, Metro Manila, Philippines",Taguig City,Philippines,,23/06/2021 13:00:00,23/06/2021 13:30:00,Lazada Tipas Cross-dock,9178058015,,YOJ-66-1623984455768,,
1 package,5,50,40,40,1,sameday,"Suite 303 3rd Floor Singson Building, Plaza Moraga, Binondo, Manila Manila City, 1006 Philippines",Metro Manila - Binondo,,,23/06/2021 14:00:00,23/06/2021 14:30:00,Solidmac Store,9328833086,,"Katurian Rd, corner Mabato, Taguig, Metro Manila, Philippines",Taguig City,Philippines,,23/06/2021 15:00:00,23/06/2021 15:30:00,Lazada Tipas Cross-dock,9178058015,,YOJ-67-1623984455768,,
1 package,5,50,40,40,1,sameday,TestAddress_4,Metro Manila-Quezon City,,,23/06/2021 16:00:00,23/06/2021 16:30:00,US Original Hardware and Construction Supplies Inc,9178367890,,"Katurian Rd, corner Mabato, Taguig, Metro Manila, Philippines",Taguig City,Philippines,,23/06/2021 17:00:00,23/06/2021 17:30:00,Lazada Tipas Cross-dock,9178058015,,YOJ-68-1623984455768,,
1 package,5,50,40,40,1,sameday,"147 Sto. Domingo Ave.,Metro Manila~Quezon City,Quezon City,Manresa",Metro Manila-Quezon City,,,23/06/2021 18:00:00,23/06/2021 18:30:00,Madtracks Auto Center,9171521987,,"Katurian Rd, corner Mabato, Taguig, Metro Manila, Philippines",Taguig City,Philippines,,23/06/2021 19:00:00,23/06/2021 19:30:00,Lazada Tipas Cross-dock,9178058015,,YOJ-69-1623984455768,,
1 package,5,50,40,40,1,sameday,"TA202 Gardenville,Metro Manila~Manila,Santa Mesa,Barangay 606",Metro Manila~Manila,,,23/06/2021 20:00:00,23/06/2021 20:30:00,Beetro,9178394412,,"Katurian Rd, corner Mabato, Taguig, Metro Manila, Philippines",Taguig City,Philippines,,23/06/2021 21:00:00,23/06/2021 21:30:00,Lazada Tipas Cross-dock,9178058015,,YOJ-70-1623984455768,,
1 package,5,50,40,40,1,sameday,"270 Sandoval Building 10th Avenue Dist 2 West Caloocan City,Metro Manila~Caloocan,Caloocan City,Barangay 62",Metro Manila-Caloocan,,,23/06/2021 22:00:00,23/06/2021 22:30:00,WINLAND ONLINE DEPOT,9159223268,,"Katurian Rd, corner Mabato, Taguig, Metro Manila, Philippines",Taguig City,Philippines,,23/06/2021 23:00:00,23/06/2021 23:30:00,Lazada Tipas Cross-dock,9178058015,,YOJ-71-1623984455769,,
1 package,5,50,40,40,1,sameday,"1995 Juan Luna Street C20 Landwealth Condominium Tondo Manila,Metro Manila~Manila,Tondo I / Ii,Barangay 151",Metro Manila-Manila,,,24/06/2021 00:00:00,24/06/2021 00:30:00,OfficePro,9175122218,,"Katurian Rd, corner Mabato, Taguig, Metro Manila, Philippines",Taguig City,Philippines,,24/06/2021 01:00:00,24/06/2021 01:30:00,Lazada Tipas Cross-dock,9178058015,,YOJ-72-1623984455769,,
1 package,5,50,40,40,1,sameday,"147 Sto. Domingo Ave.,Metro Manila~Quezon City,Quezon City,Manresa",Metro Manila-Quezon City,,,24/06/2021 02:00:00,24/06/2021 02:30:00,Madtracks Auto Center,9171521987,,"Katurian Rd, corner Mabato, Taguig, Metro Manila, Philippines",Taguig City,Philippines,,24/06/2021 03:00:00,24/06/2021 03:30:00,Lazada Tipas Cross-dock,9178058015,,YOJ-73-1623984455769,,
1 package,5,50,40,40,1,sameday,"2182 Sobriedad Extension,Metro Manila~Manila,Sampaloc,Barangay 540",Metro Manila-Manila,,,24/06/2021 04:00:00,24/06/2021 04:30:00,Trusty Hub,9387892799,,"Katurian Rd, corner Mabato, Taguig, Metro Manila, Philippines",Taguig City,Philippines,,24/06/2021 05:00:00,24/06/2021 05:30:00,Lazada Tipas Cross-dock,9178058015,,YOJ-74-1623984455769,,
1 package,5,50,40,40,1,sameday,"270 Sandoval Building 10th Avenue Dist 2 West Caloocan City,Metro Manila~Caloocan,Caloocan City,Barangay 62",Metro Manila-Caloocan,,,24/06/2021 06:00:00,24/06/2021 06:30:00,WINLAND ONLINE DEPOT,9159223268,,"Katurian Rd, corner Mabato, Taguig, Metro Manila, Philippines",Taguig City,Philippines,,24/06/2021 07:00:00,24/06/2021 07:30:00,Lazada Tipas Cross-dock,9178058015,,YOJ-75-1623984455769,,
1 package,5,50,40,40,1,sameday,"34 bustamante st. Corner benin st. Caloocan,Metro Manila~Caloocan,Caloocan City,Barangay 86",Metro Manila-Caloocan,Philippines,,24/06/2021 08:00:00,24/06/2021 08:30:00,Audio Image,9175215557,,"Katurian Rd, corner Mabato, Taguig, Metro Manila, Philippines",Taguig City,Philippines,,24/06/2021 09:00:00,24/06/2021 09:30:00,Lazada Tipas Cross-dock,9178058015,,YOJ-76-1623984455769,,
1 package,5,50,40,40,1,sameday,"34 Mayor Tanyag Ave., South Signal Village, Taguig City",Metro Manila-Taguig,,,24/06/2021 10:00:00,24/06/2021 10:30:00,Moeder Home International Corp.,9088916273,,"Katurian Rd, corner Mabato, Taguig, Metro Manila, Philippines",Taguig City,Philippines,,24/06/2021 11:00:00,24/06/2021 11:30:00,Lazada Tipas Cross-dock,9178058015,,YOJ-77-1623984455769,,
1 package,5,50,40,40,1,sameday,"1h 07 168 shopping mall building 2 binondo Manila,Metro Manila~Manila,Binondo,Barangay 293",Metro Manila-Manila,,,24/06/2021 12:00:00,24/06/2021 12:30:00,Aimee cheng,9164728333,,"Katurian Rd, corner Mabato, Taguig, Metro Manila, Philippines",Taguig City,Philippines,,24/06/2021 13:00:00,24/06/2021 13:30:00,Lazada Tipas Cross-dock,9178058015,,YOJ-78-1623984455769,,
1 package,5,50,40,40,1,sameday,"#882 Unit o33 Capistrano St.,Metro Manila~Taguig,Taguig City,Ibayo~Tipas",Metro Manila-Taguig,,,24/06/2021 14:00:00,24/06/2021 14:30:00,BaratPH General Merchandise,9125704965,,"Katurian Rd, corner Mabato, Taguig, Metro Manila, Philippines",Taguig City,Philippines,,24/06/2021 15:00:00,24/06/2021 15:30:00,Lazada Tipas Cross-dock,9178058015,,YOJ-79-1623984455769,,
1 package,5,50,40,40,1,sameday,"962 d castro st valenzuela city,Metro Manila~Valenzuela,Valenzuela City,Malanday",Metro Manila-Valenzuela,,,24/06/2021 16:00:00,24/06/2021 16:30:00,Gift Toys 168,9175784777,,"Katurian Rd, corner Mabato, Taguig, Metro Manila, Philippines",Taguig City,Philippines,,24/06/2021 17:00:00,24/06/2021 17:30:00,Lazada Tipas Cross-dock,9178058015,,YOJ-80-1623984455769,,
1 package,5,50,40,40,1,sameday,"10233 Centennial 2-A, Nagpayong, Pasig City (Google map pin ",Metro Manila~Pasig,,,24/06/2021 18:00:00,24/06/2021 18:30:00,Cyqueen0906,9355829087,,"Katurian Rd, corner Mabato, Taguig, Metro Manila, Philippines",Taguig City,Philippines,,24/06/2021 19:00:00,24/06/2021 19:30:00,Lazada Tipas Cross-dock,9178058015,,YOJ-81-1623984455769,,
1 package,5,50,40,40,1,sameday,35A mc Arthur Highway,Metro Manila~Malabon,,,24/06/2021 20:00:00,24/06/2021 20:30:00,Malachi,9494435961,,"Katurian Rd, corner Mabato, Taguig, Metro Manila, Philippines",Taguig City,Philippines,,24/06/2021 21:00:00,24/06/2021 21:30:00,Lazada Tipas Cross-dock,9178058015,,YOJ-82-1623984455769,,
1 package,5,50,40,40,1,sameday,"2182 Sobriedad Extension,Metro Manila~Manila,Sampaloc,Barangay 540",Metro Manila-Manila,,,24/06/2021 22:00:00,24/06/2021 22:30:00,Trusty Hub,9387892799,,"Katurian Rd, corner Mabato, Taguig, Metro Manila, Philippines",Taguig City,Philippines,,24/06/2021 23:00:00,24/06/2021 23:30:00,Lazada Tipas Cross-dock,9178058015,,YOJ-83-1623984455769,,
1 package,5,50,40,40,1,sameday,"Unit 904 Torre Lorenzo condominium,2587 p ocampo st for Taft avenue,Metro Manila~Manila,Malate,Barangay 719",Metro Manila-Manila,,,25/06/2021 00:00:00,25/06/2021 00:30:00,BV JEANS,9177854525,,"Katurian Rd, corner Mabato, Taguig, Metro Manila, Philippines",Taguig City,Philippines,,25/06/2021 01:00:00,25/06/2021 01:30:00,Lazada Tipas Cross-dock,9178058015,,YOJ-84-1623984455769,,
1 package,5,50,40,40,1,sameday,"2765 New Panaderos corner Lamayan Street Sta. Ana, Manila,Metro Manila~Manila,Santa Ana,Barangay 891",Metro Manila-Manila,,,25/06/2021 02:00:00,25/06/2021 02:30:00,Sharp,9274066514,,"Katurian Rd, corner Mabato, Taguig, Metro Manila, Philippines",Taguig City,Philippines,,25/06/2021 03:00:00,25/06/2021 03:30:00,Lazada Tipas Cross-dock,9178058015,,YOJ-85-1623984455769,,
1 package,5,50,40,40,1,sameday,"#882 Unit o33 Capistrano St.,Metro Manila~Taguig,Taguig City,Ibayo~Tipas",Metro Manila-Taguig,,,25/06/2021 04:00:00,25/06/2021 04:30:00,BaratPH General Merchandise,9125704965,,"Katurian Rd, corner Mabato, Taguig, Metro Manila, Philippines",Taguig City,Philippines,,25/06/2021 05:00:00,25/06/2021 05:30:00,Lazada Tipas Cross-dock,9178058015,,YOJ-86-1623984455769,,
1 package,5,50,40,40,1,sameday,98-9 Dioquino Compound 20th Ave Cubao QC,Metro Manila-Quezon City,,,25/06/2021 06:00:00,25/06/2021 06:30:00,Sonix Music and General Merchandise,9173235405,,"Katurian Rd, corner Mabato, Taguig, Metro Manila, Philippines",Taguig City,Philippines,,25/06/2021 07:00:00,25/06/2021 07:30:00,Lazada Tipas Cross-dock,9178058015,,YOJ-87-1623984455769,,
1 package,5,50,40,40,1,sameday,"1h 07 168 shopping mall building 2 binondo Manila,Metro Manila~Manila,Binondo,Barangay 293",Metro Manila-Manila,,,25/06/2021 08:00:00,25/06/2021 08:30:00,Aimee cheng,9164728333,,"Katurian Rd, corner Mabato, Taguig, Metro Manila, Philippines",Taguig City,Philippines,,25/06/2021 09:00:00,25/06/2021 09:30:00,Lazada Tipas Cross-dock,9178058015,,YOJ-88-1623984455769,,
1 package,5,50,40,40,1,sameday,500-A Altura St. Barangay 576 Sta. Mesa Sampaloc Manila,Metro Manila-Manila,,,25/06/2021 10:00:00,25/06/2021 10:30:00,HOMU Appliance Outlet,9255546537,,"Katurian Rd, corner Mabato, Taguig, Metro Manila, Philippines",Taguig City,Philippines,,25/06/2021 11:00:00,25/06/2021 11:30:00,Lazada Tipas Cross-dock,9178058015,,YOJ-89-1623984455769,,
1 package,5,50,40,40,1,sameday,TestAddress_4,Metro Manila-Quezon City,,,25/06/2021 12:00:00,25/06/2021 12:30:00,US Original Hardware and Construction Supplies Inc,9178367890,,"Katurian Rd, corner Mabato, Taguig, Metro Manila, Philippines",Taguig City,Philippines,,25/06/2021 13:00:00,25/06/2021 13:30:00,Lazada Tipas Cross-dock,9178058015,,YOJ-90-1623984455769,,
1 package,5,50,40,40,1,sameday,"#80 7th Avenue, Grace Park, Caloocan City,Metro Manila~Caloocan,Caloocan City,Barangay 58",Metro Manila-Caloocan,,,25/06/2021 14:00:00,25/06/2021 14:30:00,Synergy Sales International,9176573674,,"Katurian Rd, corner Mabato, Taguig, Metro Manila, Philippines",Taguig City,Philippines,,25/06/2021 15:00:00,25/06/2021 15:30:00,Lazada Tipas Cross-dock,9178058015,,YOJ-91-1623984455769,,
1 package,5,50,40,40,1,sameday,"Suite 303 3rd Floor Singson Building, Plaza Moraga, Binondo, Manila Manila City, 1006 Philippines",Metro Manila - Binondo,,,25/06/2021 16:00:00,25/06/2021 16:30:00,Solidmac Store,9328833086,,"Katurian Rd, corner Mabato, Taguig, Metro Manila, Philippines",Taguig City,Philippines,,25/06/2021 17:00:00,25/06/2021 17:30:00,Lazada Tipas Cross-dock,9178058015,,YOJ-92-1623984455769,,
1 package,5,50,40,40,1,sameday,"540 Franciscan St. Sta. Ana Village, Brgy. Sunvalley, Parañaqur City, Manila,Metro Manila~Paranaque,Paranaque City,Sun Valley",Metro Manila-Paranaque,,,25/06/2021 18:00:00,25/06/2021 18:30:00,Wholesale.ph,9565570562,,"Katurian Rd, corner Mabato, Taguig, Metro Manila, Philippines",Taguig City,Philippines,,25/06/2021 19:00:00,25/06/2021 19:30:00,Lazada Tipas Cross-dock,9178058015,,YOJ-93-1623984455769,,
1 package,5,50,40,40,1,sameday,"Park Lane Tower ROOM 601, 1107 Mayhaligue st, Tondo,Manila,Metro Manila~Manila,Tondo I / Ii,Barangay 238",Metro Manila-Manila,,,25/06/2021 20:00:00,25/06/2021 20:30:00,Maxbazaar,9158867637,,"Katurian Rd, corner Mabato, Taguig, Metro Manila, Philippines",Taguig City,Philippines,,25/06/2021 21:00:00,25/06/2021 21:30:00,Lazada Tipas Cross-dock,9178058015,,YOJ-94-1623984455769,,
1 package,5,50,40,40,1,sameday,"Suite 303 3rd Floor Singson Building, Plaza Moraga, Binondo, Manila Manila City, 1006 Philippines",Metro Manila - Binondo,,,25/06/2021 22:00:00,25/06/2021 22:30:00,Solidmac Store,9328833086,,"Katurian Rd, corner Mabato, Taguig, Metro Manila, Philippines",Taguig City,Philippines,,25/06/2021 23:00:00,25/06/2021 23:30:00,Lazada Tipas Cross-dock,9178058015,,YOJ-95-1623984455769,,
1 package,5,50,40,40,1,sameday,35A mc Arthur Highway,Metro Manila~Malabon,,,26/06/2021 00:00:00,26/06/2021 00:30:00,Malachi,9494435961,,"Katurian Rd, corner Mabato, Taguig, Metro Manila, Philippines",Taguig City,Philippines,,26/06/2021 01:00:00,26/06/2021 01:30:00,Lazada Tipas Cross-dock,9178058015,,YOJ-96-1623984455769,,
1 package,5,50,40,40,1,sameday,"1H-07 168 shopping mall soler st brgy 293 zone 28 binondo manila,Metro Manila~Manila,Binondo,Barangay 293",Metro Manila-Manila,,,26/06/2021 02:00:00,26/06/2021 02:30:00,ivan cheng 01,9776041840,,"Katurian Rd, corner Mabato, Taguig, Metro Manila, Philippines",Taguig City,Philippines,,26/06/2021 03:00:00,26/06/2021 03:30:00,Lazada Tipas Cross-dock,9178058015,,YOJ-97-1623984455769,,
1 package,5,50,40,40,1,sameday,"2182 Sobriedad Extension,Metro Manila~Manila,Sampaloc,Barangay 540",Metro Manila-Manila,,,26/06/2021 04:00:00,26/06/2021 04:30:00,Trusty Hub,9387892799,,"Katurian Rd, corner Mabato, Taguig, Metro Manila, Philippines",Taguig City,Philippines,,26/06/2021 05:00:00,26/06/2021 05:30:00,Lazada Tipas Cross-dock,9178058015,,YOJ-98-1623984455769,,
1 package,5,50,40,40,1,sameday,"34 bustamante st. Corner benin st. Caloocan,Metro Manila~Caloocan,Caloocan City,Barangay 86",Metro Manila-Caloocan,Philippines,,26/06/2021 06:00:00,26/06/2021 06:30:00,Audio Image,9175215557,,"Katurian Rd, corner Mabato, Taguig, Metro Manila, Philippines",Taguig City,Philippines,,26/06/2021 07:00:00,26/06/2021 07:30:00,Lazada Tipas Cross-dock,9178058015,,YOJ-99-1623984455769,,
1 package,5,50,40,40,1,sameday,367-369 Rizal avenue extension between 9th and 10th avenue Caloocan city.,Metro Manila-Caloocan,,,26/06/2021 08:00:00,26/06/2021 08:30:00,Motorcycle Lifestyle,9176684568,,"Katurian Rd, corner Mabato, Taguig, Metro Manila, Philippines",Taguig City,Philippines,,26/06/2021 09:00:00,26/06/2021 09:30:00,Lazada Tipas Cross-dock,9178058015,,YOJ-100-1623984455769,,
1 package,5,50,40,40,1,sameday,"206 Don Juan santos Bldg. Quezon Blvd Brgy. 384 zone 39 Quiapo Manila,Metro Manila~Manila,Quiapo,Barangay 384",Metro Manila-Manila,,,26/06/2021 10:00:00,26/06/2021 10:30:00,MEGAJMS,9562505076,,"Katurian Rd, corner Mabato, Taguig, Metro Manila, Philippines",Taguig City,Philippines,,26/06/2021 11:00:00,26/06/2021 11:30:00,Lazada Tipas Cross-dock,9178058015,,YOJ-101-1623984455769,,
1 package,5,50,40,40,1,sameday,"Suite 303 3rd Floor Singson Building, Plaza Moraga, Binondo, Manila Manila City, 1006 Philippines",Metro Manila - Binondo,,,26/06/2021 12:00:00,26/06/2021 12:30:00,Solidmac Store,9328833086,,"Katurian Rd, corner Mabato, Taguig, Metro Manila, Philippines",Taguig City,Philippines,,26/06/2021 13:00:00,26/06/2021 13:30:00,Lazada Tipas Cross-dock,9178058015,,YOJ-102-1623984455769,,
1 package,5,50,40,40,1,sameday,#1 G. Molino Street,Metro Manila~Valenzuela,,,26/06/2021 14:00:00,26/06/2021 14:30:00,Getha ,9959245071,,"Katurian Rd, corner Mabato, Taguig, Metro Manila, Philippines",Taguig City,Philippines,,26/06/2021 15:00:00,26/06/2021 15:30:00,Lazada Tipas Cross-dock,9178058015,,YOJ-103-1623984455769,,
1 package,5,50,40,40,1,sameday,98-9 Dioquino Compound 20th Ave Cubao QC,Metro Manila-Quezon City,,,26/06/2021 16:00:00,26/06/2021 16:30:00,Sonix Music and General Merchandise,9173235405,,"Katurian Rd, corner Mabato, Taguig, Metro Manila, Philippines",Taguig City,Philippines,,26/06/2021 17:00:00,26/06/2021 17:30:00,Lazada Tipas Cross-dock,9178058015,,YOJ-104-1623984455769,,
1 package,5,50,40,40,1,sameday,500-A Altura St. Barangay 576 Sta. Mesa Sampaloc Manila,Metro Manila-Manila,,,26/06/2021 18:00:00,26/06/2021 18:30:00,HOMU Appliance Outlet,9255546537,,"Katurian Rd, corner Mabato, Taguig, Metro Manila, Philippines",Taguig City,Philippines,,26/06/2021 19:00:00,26/06/2021 19:30:00,Lazada Tipas Cross-dock,9178058015,,YOJ-105-1623984455769,,
1 package,5,50,40,40,1,sameday,"281 H. San Fernando St. Binondo Manila,Metro Manila~Manila,San Nicolas,Barangay 284",Metro Manila-Manila,,,26/06/2021 20:00:00,26/06/2021 20:30:00,Style Loft,9175428859,,"Katurian Rd, corner Mabato, Taguig, Metro Manila, Philippines",Taguig City,Philippines,,26/06/2021 21:00:00,26/06/2021 21:30:00,Lazada Tipas Cross-dock,9178058015,,YOJ-106-1623984455769,,
1 package,5,50,40,40,1,sameday,367-369 Rizal avenue extension between 9th and 10th avenue Caloocan city.,Metro Manila-Caloocan,,,26/06/2021 22:00:00,26/06/2021 22:30:00,Motorcycle Lifestyle,9176684568,,"Katurian Rd, corner Mabato, Taguig, Metro Manila, Philippines",Taguig City,Philippines,,26/06/2021 23:00:00,26/06/2021 23:30:00,Lazada Tipas Cross-dock,9178058015,,YOJ-107-1623984455769,,
1 package,5,50,40,40,1,sameday,#1 G. Molino Street,Metro Manila~Valenzuela,,,27/06/2021 00:00:00,27/06/2021 00:30:00,Getha ,9959245071,,"Katurian Rd, corner Mabato, Taguig, Metro Manila, Philippines",Taguig City,Philippines,,27/06/2021 01:00:00,27/06/2021 01:30:00,Lazada Tipas Cross-dock,9178058015,,YOJ-108-1623984455769,,
1 package,5,50,40,40,1,sameday,"138F Narra St,Metro Manila~Valenzuela,Valenzuela City,Parada",Metro Manila-Valenzuela,,,27/06/2021 02:00:00,27/06/2021 02:30:00,Mandarin,9777595574,,"Katurian Rd, corner Mabato, Taguig, Metro Manila, Philippines",Taguig City,Philippines,,27/06/2021 03:00:00,27/06/2021 03:30:00,Lazada Tipas Cross-dock,9178058015,,YOJ-109-1623984455769,,
1 package,5,50,40,40,1,sameday,"104 Don Benito St., Brgy 21 Caloocan City",Metro Manila-Quezon City,Philippines,,27/06/2021 04:00:00,27/06/2021 04:30:00,TJ Gen Merchandise,9173235405,,"Katurian Rd, corner Mabato, Taguig, Metro Manila, Philippines",Taguig City,Philippines,,27/06/2021 05:00:00,27/06/2021 05:30:00,Lazada Tipas Cross-dock,9178058015,,YOJ-110-1623984455769,,
1 package,5,50,40,40,1,sameday,"New Wealth Properties Compound, 3270C Merville Access Road (Armstrong Road), Merville Park, Barangay 201 Kalayaan, Pasay City, Metro Manila, PH",Metro Manila-Pasay,,,27/06/2021 06:00:00,27/06/2021 06:30:00,AKTIVE SPORTS,9175592647,,"Katurian Rd, corner Mabato, Taguig, Metro Manila, Philippines",Taguig City,Philippines,,27/06/2021 07:00:00,27/06/2021 07:30:00,Lazada Tipas Cross-dock,9178058015,,YOJ-111-1623984455769,,
1 package,5,50,40,40,1,sameday,"540 Franciscan St. Sta. Ana Village, Brgy. Sunvalley, Parañaqur City, Manila,Metro Manila~Paranaque,Paranaque City,Sun Valley",Metro Manila-Paranaque,,,27/06/2021 08:00:00,27/06/2021 08:30:00,Wholesale.ph,9565570562,,"Katurian Rd, corner Mabato, Taguig, Metro Manila, Philippines",Taguig City,Philippines,,27/06/2021 09:00:00,27/06/2021 09:30:00,Lazada Tipas Cross-dock,9178058015,,YOJ-112-1623984455769,,
1 package,5,50,40,40,1,sameday,"104 Don Benito St., Brgy 21 Caloocan City",Metro Manila-Quezon City,Philippines,,27/06/2021 10:00:00,27/06/2021 10:30:00,TJ Gen Merchandise,9173235405,,"Katurian Rd, corner Mabato, Taguig, Metro Manila, Philippines",Taguig City,Philippines,,27/06/2021 11:00:00,27/06/2021 11:30:00,Lazada Tipas Cross-dock,9178058015,,YOJ-113-1623984455769,,
1 package,5,50,40,40,1,sameday,"1011 Romualdez St. UN Avenue Ermita Manila,Metro Manila~Manila,Ermita,Barangay 664",Metro Manila-Manila,,,27/06/2021 12:00:00,27/06/2021 12:30:00,HUG-Electronics,9291994749,,"Katurian Rd, corner Mabato, Taguig, Metro Manila, Philippines",Taguig City,Philippines,,27/06/2021 13:00:00,27/06/2021 13:30:00,Lazada Tipas Cross-dock,9178058015,,YOJ-114-1623984455769,,
1 package,5,50,40,40,1,sameday,"2643N Taft Avenue, Pasay City",Metro Manila-Pasay,Philippines,1302,27/06/2021 14:00:00,27/06/2021 14:30:00,Logitech - Exclusives,9550913816,,"Katurian Rd, corner Mabato, Taguig, Metro Manila, Philippines",Taguig City,Philippines,,27/06/2021 15:00:00,27/06/2021 15:30:00,Lazada Tipas Cross-dock,9178058015,,YOJ-115-1623984455770,,
1 package,5,50,40,40,1,sameday,35A mc Arthur Highway,Metro Manila~Malabon,,,27/06/2021 16:00:00,27/06/2021 16:30:00,Malachi,9494435961,,"Katurian Rd, corner Mabato, Taguig, Metro Manila, Philippines",Taguig City,Philippines,,27/06/2021 17:00:00,27/06/2021 17:30:00,Lazada Tipas Cross-dock,9178058015,,YOJ-116-1623984455770,,
1 package,5,50,40,40,1,sameday,"1V-10, 999 Shopping Mall Barangay 287, Binondo Metro Manila, Metro Manila 1006,Metro Manila~Manila,Binondo,Barangay 287",Metro Manila-Manila,,,27/06/2021 18:00:00,27/06/2021 18:30:00,Kongxin Shop,9566378033,,"Katurian Rd, corner Mabato, Taguig, Metro Manila, Philippines",Taguig City,Philippines,,27/06/2021 19:00:00,27/06/2021 19:30:00,Lazada Tipas Cross-dock,9178058015,,YOJ-117-1623984455770,,
1 package,5,50,40,40,1,sameday,"5F 830B T. Alonzo St., Brgy. 313 Sta. Cruz, Manila 1003",Metro Manila-Manila,,,27/06/2021 20:00:00,27/06/2021 20:30:00,Hoardables,9175277331,,"Katurian Rd, corner Mabato, Taguig, Metro Manila, Philippines",Taguig City,Philippines,,27/06/2021 21:00:00,27/06/2021 21:30:00,Lazada Tipas Cross-dock,9178058015,,YOJ-118-1623984455770,,
1 package,5,50,40,40,1,sameday,"Suite 303 3rd Floor Singson Building, Plaza Moraga, Binondo, Manila Manila City, 1006 Philippines",Metro Manila - Binondo,,,27/06/2021 22:00:00,27/06/2021 22:30:00,Solidmac Store,9328833086,,"Katurian Rd, corner Mabato, Taguig, Metro Manila, Philippines",Taguig City,Philippines,,27/06/2021 23:00:00,27/06/2021 23:30:00,Lazada Tipas Cross-dock,9178058015,,YOJ-119-1623984455770,,
1 package,5,50,40,40,1,sameday,"2L-04-06 999 Mall Blg2,Metro Manila~Manila,Binondo,Barangay 293",Metro Manila-Manila,,,28/06/2021 00:00:00,28/06/2021 00:30:00,Kelly 733,9669166024,,"Katurian Rd, corner Mabato, Taguig, Metro Manila, Philippines",Taguig City,Philippines,,28/06/2021 01:00:00,28/06/2021 01:30:00,Lazada Tipas Cross-dock,9178058015,,YOJ-120-1623984455770,,
1 package,5,50,40,40,1,sameday,"1995 Juan Luna Street C20 Landwealth Condominium Tondo Manila,Metro Manila~Manila,Tondo I / Ii,Barangay 151",Metro Manila-Manila,,,28/06/2021 02:00:00,28/06/2021 02:30:00,OfficePro,9175122218,,"Katurian Rd, corner Mabato, Taguig, Metro Manila, Philippines",Taguig City,Philippines,,28/06/2021 03:00:00,28/06/2021 03:30:00,Lazada Tipas Cross-dock,9178058015,,YOJ-121-1623984455770,,
1 package,5,50,40,40,1,sameday,"540 Franciscan St. Sta. Ana Village, Brgy. Sunvalley, Parañaque City, Manila,Metro Manila~Paranaque,Paranaque City,Sun Valley",Metro Manila-Paranaque,,,28/06/2021 04:00:00,28/06/2021 04:30:00,The General Hub,9451945749,,"Katurian Rd, corner Mabato, Taguig, Metro Manila, Philippines",Taguig City,Philippines,,28/06/2021 05:00:00,28/06/2021 05:30:00,Lazada Tipas Cross-dock,9178058015,,YOJ-122-1623984455770,,
1 package,5,50,40,40,1,sameday,"TA202 Gardenville,Metro Manila~Manila,Santa Mesa,Barangay 606",Metro Manila~Manila,,,28/06/2021 06:00:00,28/06/2021 06:30:00,Beetro,9178394412,,"Katurian Rd, corner Mabato, Taguig, Metro Manila, Philippines",Taguig City,Philippines,,28/06/2021 07:00:00,28/06/2021 07:30:00,Lazada Tipas Cross-dock,9178058015,,YOJ-123-1623984455770,,
1 package,5,50,40,40,1,sameday,"Unit905 Gaisano Tower 328 C.Palanca., Quiapo, Manila,Metro Manila~Manila,Quiapo,Barangay 308",Metro Manila-Manila,,,28/06/2021 08:00:00,28/06/2021 08:30:00,Megasonic,9212062881,,"Katurian Rd, corner Mabato, Taguig, Metro Manila, Philippines",Taguig City,Philippines,,28/06/2021 09:00:00,28/06/2021 09:30:00,Lazada Tipas Cross-dock,9178058015,,YOJ-124-1623984455770,,
1 package,5,50,40,40,1,sameday,"Unit 904 Torre Lorenzo condominium,2587 p ocampo st for Taft avenue,Metro Manila~Manila,Malate,Barangay 719",Metro Manila-Manila,,,28/06/2021 10:00:00,28/06/2021 10:30:00,BV JEANS,9177854525,,"Katurian Rd, corner Mabato, Taguig, Metro Manila, Philippines",Taguig City,Philippines,,28/06/2021 11:00:00,28/06/2021 11:30:00,Lazada Tipas Cross-dock,9178058015,,YOJ-125-1623984455770,,
1 package,5,50,40,40,1,sameday,6A Dama De Noche St. UPSN Comp. Brgy. Marcelo Green Sucat Paranaque,Metro Manila-Paranaque,,,28/06/2021 12:00:00,28/06/2021 12:30:00,X-One,9055684916,,"Katurian Rd, corner Mabato, Taguig, Metro Manila, Philippines",Taguig City,Philippines,,28/06/2021 13:00:00,28/06/2021 13:30:00,Lazada Tipas Cross-dock,9178058015,,YOJ-126-1623984455770,,
1 package,5,50,40,40,1,sameday,"52 A. Pablo St, Valenzuela, Metro Manila",Metro Manila~Valenzuela,,,28/06/2021 14:00:00,28/06/2021 14:30:00,Black worm,9173793256,,"Katurian Rd, corner Mabato, Taguig, Metro Manila, Philippines",Taguig City,Philippines,,28/06/2021 15:00:00,28/06/2021 15:30:00,Lazada Tipas Cross-dock,9178058015,,YOJ-127-1623984455770,,
1 package,5,50,40,40,1,sameday,"540 Franciscan St. Sta. Ana Village, Brgy. Sunvalley, Parañaque City, Manila,Metro Manila~Paranaque,Paranaque City,Sun Valley",Metro Manila-Paranaque,,,28/06/2021 16:00:00,28/06/2021 16:30:00,The General Hub,9451945749,,"Katurian Rd, corner Mabato, Taguig, Metro Manila, Philippines",Taguig City,Philippines,,28/06/2021 17:00:00,28/06/2021 17:30:00,Lazada Tipas Cross-dock,9178058015,,YOJ-128-1623984455770,,
1 package,5,50,40,40,1,sameday,"Unit905 Gaisano Tower 328 C.Palanca., Quiapo, Manila,Metro Manila~Manila,Quiapo,Barangay 308",Metro Manila-Manila,,,28/06/2021 18:00:00,28/06/2021 18:30:00,Megasonic,9212062881,,"Katurian Rd, corner Mabato, Taguig, Metro Manila, Philippines",Taguig City,Philippines,,28/06/2021 19:00:00,28/06/2021 19:30:00,Lazada Tipas Cross-dock,9178058015,,YOJ-129-1623984455770,,
1 package,5,50,40,40,1,sameday,"1V-10, 999 Shopping Mall Barangay 287, Binondo Metro Manila, Metro Manila 1006,Metro Manila~Manila,Binondo,Barangay 287",Metro Manila-Manila,,,28/06/2021 20:00:00,28/06/2021 20:30:00,Kongxin Shop,9566378033,,"Katurian Rd, corner Mabato, Taguig, Metro Manila, Philippines",Taguig City,Philippines,,28/06/2021 21:00:00,28/06/2021 21:30:00,Lazada Tipas Cross-dock,9178058015,,YOJ-130-1623984455770,,
1 package,5,50,40,40,1,sameday,"906 Sabino Padilla street, Branagay 295 zone 28 , binondo Manila,Metro Manila~Manila,Binondo,Barangay 295",Metro Manila-Manila,,,28/06/2021 22:00:00,28/06/2021 22:30:00,BHMarketing000,9388025622,,"Katurian Rd, corner Mabato, Taguig, Metro Manila, Philippines",Taguig City,Philippines,,28/06/2021 23:00:00,28/06/2021 23:30:00,Lazada Tipas Cross-dock,9178058015,,YOJ-131-1623984455770,,
1 package,5,50,40,40,1,sameday,"270 Sandoval Building 10th Avenue Dist 2 West Caloocan City,Metro Manila~Caloocan,Caloocan City,Barangay 62",Metro Manila-Caloocan,,,29/06/2021 00:00:00,29/06/2021 00:30:00,WINLAND ONLINE DEPOT,9159223268,,"Katurian Rd, corner Mabato, Taguig, Metro Manila, Philippines",Taguig City,Philippines,,29/06/2021 01:00:00,29/06/2021 01:30:00,Lazada Tipas Cross-dock,9178058015,,YOJ-132-1623984455770,,
1 package,5,50,40,40,1,sameday,"1995 Juan Luna Street C20 Landwealth Condominium Tondo Manila,Metro Manila~Manila,Tondo I / Ii,Barangay 151",Metro Manila-Manila,,,29/06/2021 02:00:00,29/06/2021 02:30:00,OfficePro,9175122218,,"Katurian Rd, corner Mabato, Taguig, Metro Manila, Philippines",Taguig City,Philippines,,29/06/2021 03:00:00,29/06/2021 03:30:00,Lazada Tipas Cross-dock,9178058015,,YOJ-133-1623984455770,,
1 package,5,50,40,40,1,sameday,"#882 Unit o33 Capistrano St.,Metro Manila~Taguig,Taguig City,Ibayo~Tipas",Metro Manila-Taguig,,,29/06/2021 04:00:00,29/06/2021 04:30:00,BaratPH General Merchandise,9125704965,,"Katurian Rd, corner Mabato, Taguig, Metro Manila, Philippines",Taguig City,Philippines,,29/06/2021 05:00:00,29/06/2021 05:30:00,Lazada Tipas Cross-dock,9178058015,,YOJ-134-1623984455770,,
1 package,5,50,40,40,1,sameday,"281 H. San Fernando St. Binondo Manila,Metro Manila~Manila,San Nicolas,Barangay 284",Metro Manila-Manila,,,29/06/2021 06:00:00,29/06/2021 06:30:00,Style Loft,9175428859,,"Katurian Rd, corner Mabato, Taguig, Metro Manila, Philippines",Taguig City,Philippines,,29/06/2021 07:00:00,29/06/2021 07:30:00,Lazada Tipas Cross-dock,9178058015,,YOJ-135-1623984455770,,
1 package,5,50,40,40,1,sameday,785 Panay Street Sampaloc Manila,Metro Manila~Manila,,,29/06/2021 08:00:00,29/06/2021 08:30:00,AGP,9178301879,,"Katurian Rd, corner Mabato, Taguig, Metro Manila, Philippines",Taguig City,Philippines,,29/06/2021 09:00:00,29/06/2021 09:30:00,Lazada Tipas Cross-dock,9178058015,,YOJ-136-1623984455770,,
1 package,5,50,40,40,1,sameday,"906 Sabino Padilla street, Branagay 295 zone 28 , binondo Manila,Metro Manila~Manila,Binondo,Barangay 295",Metro Manila-Manila,,,29/06/2021 10:00:00,29/06/2021 10:30:00,BHMarketing,9461962411,,"Katurian Rd, corner Mabato, Taguig, Metro Manila, Philippines",Taguig City,Philippines,,29/06/2021 11:00:00,29/06/2021 11:30:00,Lazada Tipas Cross-dock,9178058015,,YOJ-137-1623984455770,,
1 package,5,50,40,40,1,sameday,"TA202 Gardenville,Metro Manila~Manila,Santa Mesa,Barangay 606",Metro Manila~Manila,,,29/06/2021 12:00:00,29/06/2021 12:30:00,Beetro,9178394412,,"Katurian Rd, corner Mabato, Taguig, Metro Manila, Philippines",Taguig City,Philippines,,29/06/2021 13:00:00,29/06/2021 13:30:00,Lazada Tipas Cross-dock,9178058015,,YOJ-138-1623984455770,,
1 package,5,50,40,40,1,sameday,"B7 L1 Alley 6 Dahlia St. Metrocor Homes Almar Subdivision.,Metro Manila~Caloocan,Caloocan City,Barangay 177",Metro Manila-Caloocan,,,29/06/2021 14:00:00,29/06/2021 14:30:00,CJZM,9335651112,,"Katurian Rd, corner Mabato, Taguig, Metro Manila, Philippines",Taguig City,Philippines,,29/06/2021 15:00:00,29/06/2021 15:30:00,Lazada Tipas Cross-dock,9178058015,,YOJ-139-1623984455770,,
1 package,5,50,40,40,1,sameday,"52 A. Pablo St, Valenzuela, Metro Manila",Metro Manila~Valenzuela,,,29/06/2021 16:00:00,29/06/2021 16:30:00,Black worm,9173793256,,"Katurian Rd, corner Mabato, Taguig, Metro Manila, Philippines",Taguig City,Philippines,,29/06/2021 17:00:00,29/06/2021 17:30:00,Lazada Tipas Cross-dock,9178058015,,YOJ-140-1623984455770,,
1 package,5,50,40,40,1,sameday,"9th Floor Ablaza Building 117 E. Rodriguez Sr,Brgy Tatalon, Quezon City",Metro Manila-Quezon City,,,29/06/2021 18:00:00,29/06/2021 18:30:00,Vtech PH,9276727806,,"Katurian Rd, corner Mabato, Taguig, Metro Manila, Philippines",Taguig City,Philippines,,29/06/2021 19:00:00,29/06/2021 19:30:00,Lazada Tipas Cross-dock,9178058015,,YOJ-141-1623984455770,,
1 package,5,50,40,40,1,sameday,"#882 Unit o33 Capistrano St.,Metro Manila~Taguig,Taguig City,Ibayo~Tipas",Metro Manila-Taguig,,,29/06/2021 20:00:00,29/06/2021 20:30:00,BaratPH General Merchandise,9125704965,,"Katurian Rd, corner Mabato, Taguig, Metro Manila, Philippines",Taguig City,Philippines,,29/06/2021 21:00:00,29/06/2021 21:30:00,Lazada Tipas Cross-dock,9178058015,,YOJ-142-1623984455770,,
1 package,5,50,40,40,1,sameday,"105 4th street between 9th and 10th ave caloocan city,Metro Manila~Caloocan,Caloocan City,Barangay 108",Metro Manila-Caloocan,,,29/06/2021 22:00:00,29/06/2021 22:30:00,Case Factory,9219306076,,"Katurian Rd, corner Mabato, Taguig, Metro Manila, Philippines",Taguig City,Philippines,,29/06/2021 23:00:00,29/06/2021 23:30:00,Lazada Tipas Cross-dock,9178058015,,YOJ-143-1623984455770,,
1 package,5,50,40,40,1,sameday,"906 Sabino Padilla street, Branagay 295 zone 28 , binondo Manila,Metro Manila~Manila,Binondo,Barangay 295",Metro Manila-Manila,,,30/06/2021 00:00:00,30/06/2021 00:30:00,BHMarketing000,9388025622,,"Katurian Rd, corner Mabato, Taguig, Metro Manila, Philippines",Taguig City,Philippines,,30/06/2021 01:00:00,30/06/2021 01:30:00,Lazada Tipas Cross-dock,9178058015,,YOJ-144-1623984455770,,
1 package,5,50,40,40,1,sameday,"34 Mayor Tanyag Ave., South Signal Village, Taguig City",Metro Manila-Taguig,,,30/06/2021 02:00:00,30/06/2021 02:30:00,Moeder Home International Corp.,9088916273,,"Katurian Rd, corner Mabato, Taguig, Metro Manila, Philippines",Taguig City,Philippines,,30/06/2021 03:00:00,30/06/2021 03:30:00,Lazada Tipas Cross-dock,9178058015,,YOJ-145-1623984455770,,
1 package,5,50,40,40,1,sameday,35A mc Arthur Highway,Metro Manila~Malabon,,,30/06/2021 04:00:00,30/06/2021 04:30:00,Malachi,9494435961,,"Katurian Rd, corner Mabato, Taguig, Metro Manila, Philippines",Taguig City,Philippines,,30/06/2021 05:00:00,30/06/2021 05:30:00,Lazada Tipas Cross-dock,9178058015,,YOJ-146-1623984455770,,
1 package,5,50,40,40,1,sameday,"15 Hernandez St. SFDM Quezon City,Metro Manila~Quezon City,Quezon City,Paltok",Metro Manila-Quezon City,,,30/06/2021 06:00:00,30/06/2021 06:30:00,Getha ,9178367890,,"Katurian Rd, corner Mabato, Taguig, Metro Manila, Philippines",Taguig City,Philippines,,30/06/2021 07:00:00,30/06/2021 07:30:00,Lazada Tipas Cross-dock,9178058015,,YOJ-147-1623984455770,,
1 package,5,50,40,40,1,sameday,"1h 07 168 shopping mall building 2 binondo Manila,Metro Manila~Manila,Binondo,Barangay 293",Metro Manila-Manila,,,30/06/2021 08:00:00,30/06/2021 08:30:00,Aimee cheng,9164728333,,"Katurian Rd, corner Mabato, Taguig, Metro Manila, Philippines",Taguig City,Philippines,,30/06/2021 09:00:00,30/06/2021 09:30:00,Lazada Tipas Cross-dock,9178058015,,YOJ-148-1623984455770,,
1 package,5,50,40,40,1,sameday,"906 Sabino Padilla street, Branagay 295 zone 28 , binondo Manila,Metro Manila~Manila,Binondo,Barangay 295",Metro Manila-Manila,,,30/06/2021 10:00:00,30/06/2021 10:30:00,BHMarketing000,9388025622,,"Katurian Rd, corner Mabato, Taguig, Metro Manila, Philippines",Taguig City,Philippines,,30/06/2021 11:00:00,30/06/2021 11:30:00,Lazada Tipas Cross-dock,9178058015,,YOJ-149-1623984455770,,
1 package,5,50,40,40,1,sameday,"Unit 904 Torre Lorenzo condominium,2587 p ocampo st for Taft avenue,Metro Manila~Manila,Malate,Barangay 719",Metro Manila-Manila,,,30/06/2021 12:00:00,30/06/2021 12:30:00,BV JEANS,9177854525,,"Katurian Rd, corner Mabato, Taguig, Metro Manila, Philippines",Taguig City,Philippines,,30/06/2021 13:00:00,30/06/2021 13:30:00,Lazada Tipas Cross-dock,9178058015,,YOJ-150-1623984455770,,
1 package,5,50,40,40,1,sameday,"1V-10, 999 Shopping Mall Barangay 287, Binondo Metro Manila, Metro Manila 1006,Metro Manila~Manila,Binondo,Barangay 287",Metro Manila-Manila,,,30/06/2021 14:00:00,30/06/2021 14:30:00,Kongxin Shop,9566378033,,"Katurian Rd, corner Mabato, Taguig, Metro Manila, Philippines",Taguig City,Philippines,,30/06/2021 15:00:00,30/06/2021 15:30:00,Lazada Tipas Cross-dock,9178058015,,YOJ-151-1623984455770,,
1 package,5,50,40,40,1,sameday,"1h 07 168 shopping mall building 2 binondo Manila,Metro Manila~Manila,Binondo,Barangay 293",Metro Manila-Manila,,,30/06/2021 16:00:00,30/06/2021 16:30:00,Aimee cheng,9164728333,,"Katurian Rd, corner Mabato, Taguig, Metro Manila, Philippines",Taguig City,Philippines,,30/06/2021 17:00:00,30/06/2021 17:30:00,Lazada Tipas Cross-dock,9178058015,,YOJ-152-1623984455770,,
1 package,5,50,40,40,1,sameday,"962 d castro st valenzuela city,Metro Manila~Valenzuela,Valenzuela City,Malanday",Metro Manila-Valenzuela,,,30/06/2021 18:00:00,30/06/2021 18:30:00,Gift Toys 168,9175784777,,"Katurian Rd, corner Mabato, Taguig, Metro Manila, Philippines",Taguig City,Philippines,,30/06/2021 19:00:00,30/06/2021 19:30:00,Lazada Tipas Cross-dock,9178058015,,YOJ-153-1623984455770,,
1 package,5,50,40,40,1,sameday,"2L-04-06 999 Mall Blg2,Metro Manila~Manila,Binondo,Barangay 293",Metro Manila-Manila,,,30/06/2021 20:00:00,30/06/2021 20:30:00,Kelly 733,9669166024,,"Katurian Rd, corner Mabato, Taguig, Metro Manila, Philippines",Taguig City,Philippines,,30/06/2021 21:00:00,30/06/2021 21:30:00,Lazada Tipas Cross-dock,9178058015,,YOJ-154-1623984455770,,
1 package,5,50,40,40,1,sameday,35A mc Arthur Highway,Metro Manila~Malabon,,,30/06/2021 22:00:00,30/06/2021 22:30:00,Hello Baby,9175977777,,"Katurian Rd, corner Mabato, Taguig, Metro Manila, Philippines",Taguig City,Philippines,,30/06/2021 23:00:00,30/06/2021 23:30:00,Lazada Tipas Cross-dock,9178058015,,YOJ-155-1623984455770,,
1 package,5,50,40,40,1,sameday,"2nd Floor Arranque Building 1388 CM Recto Ave. corner Teodora Alonzo St., Sta. Cruz, Manila (same building with Mercury Drug and Western Appliances)",Metro Manila~Manila,,,01/07/2021 00:00:00,01/07/2021 00:30:00,GIGATOOLS INDUSTRIAL CENTER,9173058367,,"Katurian Rd, corner Mabato, Taguig, Metro Manila, Philippines",Taguig City,Philippines,,01/07/2021 01:00:00,01/07/2021 01:30:00,Lazada Tipas Cross-dock,9178058015,,YOJ-156-1623984455770,,
1 package,5,50,40,40,1,sameday,146C. P. Guevarra St. Cor. L. George Brgy. Maytunas San Juan City (in front of house #379),Metro Manila-San Juan,,,01/07/2021 02:00:00,01/07/2021 02:30:00,Gizmotech,9063333369,,"Katurian Rd, corner Mabato, Taguig, Metro Manila, Philippines",Taguig City,Philippines,,01/07/2021 03:00:00,01/07/2021 03:30:00,Lazada Tipas Cross-dock,9178058015,,YOJ-157-1623984455770,,
1 package,5,50,40,40,1,sameday,"104 Don Benito St., Brgy 21 Caloocan City",Metro Manila-Quezon City,Philippines,,01/07/2021 04:00:00,01/07/2021 04:30:00,TJ Gen Merchandise,9173235405,,"Katurian Rd, corner Mabato, Taguig, Metro Manila, Philippines",Taguig City,Philippines,,01/07/2021 05:00:00,01/07/2021 05:30:00,Lazada Tipas Cross-dock,9178058015,,YOJ-158-1623984455770,,
1 package,5,50,40,40,1,sameday,500-A Altura St. Barangay 576 Sta. Mesa Sampaloc Manila,Metro Manila-Manila,,,01/07/2021 06:00:00,01/07/2021 06:30:00,HOMU Appliance Outlet,9255546537,,"Katurian Rd, corner Mabato, Taguig, Metro Manila, Philippines",Taguig City,Philippines,,01/07/2021 07:00:00,01/07/2021 07:30:00,Lazada Tipas Cross-dock,9178058015,,YOJ-159-1623984455770,,
1 package,5,50,40,40,1,sameday,"5F 830B T. Alonzo St., Brgy. 313 Sta. Cruz, Manila 1003",Metro Manila-Manila,,,01/07/2021 08:00:00,01/07/2021 08:30:00,Hoardables,9175277331,,"Katurian Rd, corner Mabato, Taguig, Metro Manila, Philippines",Taguig City,Philippines,,01/07/2021 09:00:00,01/07/2021 09:30:00,Lazada Tipas Cross-dock,9178058015,,YOJ-160-1623984455770,,
1 package,5,50,40,40,1,sameday,"2643N Taft Avenue, Pasay City",Metro Manila-Pasay,Philippines,1302,01/07/2021 10:00:00,01/07/2021 10:30:00,Logitech - Exclusives,9550913816,,"Katurian Rd, corner Mabato, Taguig, Metro Manila, Philippines",Taguig City,Philippines,,01/07/2021 11:00:00,01/07/2021 11:30:00,Lazada Tipas Cross-dock,9178058015,,YOJ-161-1623984455771,,
1 package,5,50,40,40,1,sameday,"3 ilang ilang street karuhatan, valenzuela city,Metro Manila~Valenzuela,Valenzuela City,Karuhatan",Metro Manila-Valenzuela,,,01/07/2021 12:00:00,01/07/2021 12:30:00,PSCF General Merchandise,9394167121,,"Katurian Rd, corner Mabato, Taguig, Metro Manila, Philippines",Taguig City,Philippines,,01/07/2021 13:00:00,01/07/2021 13:30:00,Lazada Tipas Cross-dock,9178058015,,YOJ-162-1623984455771,,
1 package,5,50,40,40,1,sameday,"1h 07 168 shopping mall building 2 binondo Manila,Metro Manila~Manila,Binondo,Barangay 293",Metro Manila-Manila,,,01/07/2021 14:00:00,01/07/2021 14:30:00,Aimee cheng,9164728333,,"Katurian Rd, corner Mabato, Taguig, Metro Manila, Philippines",Taguig City,Philippines,,01/07/2021 15:00:00,01/07/2021 15:30:00,Lazada Tipas Cross-dock,9178058015,,YOJ-163-1623984455771,,
1 package,5,50,40,40,1,sameday,"105 4th street between 9th and 10th ave caloocan city,Metro Manila~Caloocan,Caloocan City,Barangay 108",Metro Manila-Caloocan,,,01/07/2021 16:00:00,01/07/2021 16:30:00,Case Factory,9219306076,,"Katurian Rd, corner Mabato, Taguig, Metro Manila, Philippines",Taguig City,Philippines,,01/07/2021 17:00:00,01/07/2021 17:30:00,Lazada Tipas Cross-dock,9178058015,,YOJ-164-1623984455771,,
1 package,5,50,40,40,1,sameday,"1324 Jose Abad Santos Avenue, Tondo, Manila,Metro Manila~Manila,Tondo I / Ii,Barangay 259",Metro Manila-Manila,,,01/07/2021 18:00:00,01/07/2021 18:30:00,Lamson Digital Electronics,9954282205,,"Katurian Rd, corner Mabato, Taguig, Metro Manila, Philippines",Taguig City,Philippines,,01/07/2021 19:00:00,01/07/2021 19:30:00,Lazada Tipas Cross-dock,9178058015,,YOJ-165-1623984455771,,
1 package,5,50,40,40,1,sameday,"B7 L1 Alley 6 Dahlia St. Metrocor Homes Almar Subdivision.,Metro Manila~Caloocan,Caloocan City,Barangay 177",Metro Manila-Caloocan,,,01/07/2021 20:00:00,01/07/2021 20:30:00,CJZM,9335651112,,"Katurian Rd, corner Mabato, Taguig, Metro Manila, Philippines",Taguig City,Philippines,,01/07/2021 21:00:00,01/07/2021 21:30:00,Lazada Tipas Cross-dock,9178058015,,YOJ-166-1623984455771,,
1 package,5,50,40,40,1,sameday,"154 Tendido St. Quezon City,Metro Manila~Quezon City,Quezon City,San Jose",Metro Manila-Quezon City,,,01/07/2021 22:00:00,01/07/2021 22:30:00,ARA Shop,9321199624,,"Katurian Rd, corner Mabato, Taguig, Metro Manila, Philippines",Taguig City,Philippines,,01/07/2021 23:00:00,01/07/2021 23:30:00,Lazada Tipas Cross-dock,9178058015,,YOJ-167-1623984455771,,
1 package,5,50,40,40,1,sameday,"15 Hernandez St. SFDM Quezon City,Metro Manila~Quezon City,Quezon City,Paltok",Metro Manila-Quezon City,,,02/07/2021 00:00:00,02/07/2021 00:30:00,Getha ,9178367890,,"Katurian Rd, corner Mabato, Taguig, Metro Manila, Philippines",Taguig City,Philippines,,02/07/2021 01:00:00,02/07/2021 01:30:00,Lazada Tipas Cross-dock,9178058015,,YOJ-168-1623984455771,,
1 package,5,50,40,40,1,sameday,"17 leland drive, barangay baesa,quezon city,Metro Manila~Quezon City,Quezon City,Baesa",Metro Manila-Quezon City,,,02/07/2021 02:00:00,02/07/2021 02:30:00,Best good quality,9564004044,,"Katurian Rd, corner Mabato, Taguig, Metro Manila, Philippines",Taguig City,Philippines,,02/07/2021 03:00:00,02/07/2021 03:30:00,Lazada Tipas Cross-dock,9178058015,,YOJ-169-1623984455771,,
1 package,5,50,40,40,1,sameday,"2852 Aurora Boulevard Sta. Cruz Manila,Metro Manila~Manila,Santa Cruz,Barangay 375",Metro Manila-Manila,,,02/07/2021 04:00:00,02/07/2021 04:30:00,Juliana's Kotse Abubots,9174443513,,"Katurian Rd, corner Mabato, Taguig, Metro Manila, Philippines",Taguig City,Philippines,,02/07/2021 05:00:00,02/07/2021 05:30:00,Lazada Tipas Cross-dock,9178058015,,YOJ-170-1623984455771,,
1 package,5,50,40,40,1,sameday,500-A Altura St. Barangay 576 Sta. Mesa Sampaloc Manila,Metro Manila-Manila,,,02/07/2021 06:00:00,02/07/2021 06:30:00,HOMU Appliance Outlet,9255546537,,"Katurian Rd, corner Mabato, Taguig, Metro Manila, Philippines",Taguig City,Philippines,,02/07/2021 07:00:00,02/07/2021 07:30:00,Lazada Tipas Cross-dock,9178058015,,YOJ-171-1623984455771,,
1 package,5,50,40,40,1,sameday,"Suite 303 3rd Floor Singson Building, Plaza Moraga, Binondo, Manila Manila City, 1006 Philippines",Metro Manila - Binondo,,,02/07/2021 08:00:00,02/07/2021 08:30:00,TammyStore,9328833086,,"Katurian Rd, corner Mabato, Taguig, Metro Manila, Philippines",Taguig City,Philippines,,02/07/2021 09:00:00,02/07/2021 09:30:00,Lazada Tipas Cross-dock,9178058015,,YOJ-172-1623984455771,,
1 package,5,50,40,40,1,sameday,500-A Altura St. Barangay 576 Sta. Mesa Sampaloc Manila,Metro Manila-Manila,,,02/07/2021 10:00:00,02/07/2021 10:30:00,HOMU Appliance Outlet,9255546537,,"Katurian Rd, corner Mabato, Taguig, Metro Manila, Philippines",Taguig City,Philippines,,02/07/2021 11:00:00,02/07/2021 11:30:00,Lazada Tipas Cross-dock,9178058015,,YOJ-173-1623984455771,,
1 package,5,50,40,40,1,sameday,"206 Don Juan santos Bldg. Quezon Blvd Brgy. 384 zone 39 Quiapo Manila,Metro Manila~Manila,Quiapo,Barangay 384",Metro Manila-Manila,,,02/07/2021 12:00:00,02/07/2021 12:30:00,MEGAJMS,9562505076,,"Katurian Rd, corner Mabato, Taguig, Metro Manila, Philippines",Taguig City,Philippines,,02/07/2021 13:00:00,02/07/2021 13:30:00,Lazada Tipas Cross-dock,9178058015,,YOJ-174-1623984455771,,
1 package,5,50,40,40,1,sameday,"540 Franciscan St. Sta. Ana Village, Brgy. Sunvalley, Parañaqur City, Manila,Metro Manila~Paranaque,Paranaque City,Sun Valley",Metro Manila-Paranaque,,,02/07/2021 14:00:00,02/07/2021 14:30:00,Wholesale.ph,9565570562,,"Katurian Rd, corner Mabato, Taguig, Metro Manila, Philippines",Taguig City,Philippines,,02/07/2021 15:00:00,02/07/2021 15:30:00,Lazada Tipas Cross-dock,9178058015,,YOJ-175-1623984455771,,
1 package,5,50,40,40,1,sameday,6A Dama De Noche St. UPSN Comp. Brgy. Marcelo Green Sucat Paranaque,Metro Manila-Paranaque,,,02/07/2021 16:00:00,02/07/2021 16:30:00,Tech Buddy Central,9055684916,,"Katurian Rd, corner Mabato, Taguig, Metro Manila, Philippines",Taguig City,Philippines,,02/07/2021 17:00:00,02/07/2021 17:30:00,Lazada Tipas Cross-dock,9178058015,,YOJ-176-1623984455771,,
1 package,5,50,40,40,1,sameday,785 Panay Street Sampaloc Manila,Metro Manila~Manila,,,02/07/2021 18:00:00,02/07/2021 18:30:00,AGP,9178301879,,"Katurian Rd, corner Mabato, Taguig, Metro Manila, Philippines",Taguig City,Philippines,,02/07/2021 19:00:00,02/07/2021 19:30:00,Lazada Tipas Cross-dock,9178058015,,YOJ-177-1623984455771,,
1 package,5,50,40,40,1,sameday,"Suite 303 3rd Floor Singson Building, Plaza Moraga, Binondo, Manila Manila City, 1006 Philippines",Metro Manila - Binondo,,,02/07/2021 20:00:00,02/07/2021 20:30:00,Solidmac Store,9328833086,,"Katurian Rd, corner Mabato, Taguig, Metro Manila, Philippines",Taguig City,Philippines,,02/07/2021 21:00:00,02/07/2021 21:30:00,Lazada Tipas Cross-dock,9178058015,,YOJ-178-1623984455771,,
1 package,5,50,40,40,1,sameday,"2852 Aurora Boulevard Sta. Cruz Manila,Metro Manila~Manila,Santa Cruz,Barangay 375",Metro Manila-Manila,,,02/07/2021 22:00:00,02/07/2021 22:30:00,Juliana's Kotse Abubots,9174443513,,"Katurian Rd, corner Mabato, Taguig, Metro Manila, Philippines",Taguig City,Philippines,,02/07/2021 23:00:00,02/07/2021 23:30:00,Lazada Tipas Cross-dock,9178058015,,YOJ-179-1623984455771,,
1 package,5,50,40,40,1,sameday,"962 d castro st valenzuela city,Metro Manila~Valenzuela,Valenzuela City,Malanday",Metro Manila-Valenzuela,,,03/07/2021 00:00:00,03/07/2021 00:30:00,Gift Toys 168,9175784777,,"Katurian Rd, corner Mabato, Taguig, Metro Manila, Philippines",Taguig City,Philippines,,03/07/2021 01:00:00,03/07/2021 01:30:00,Lazada Tipas Cross-dock,9178058015,,YOJ-180-1623984455771,,
1 package,5,50,40,40,1,sameday,"105 4th street between 9th and 10th ave caloocan city,Metro Manila~Caloocan,Caloocan City,Barangay 108",Metro Manila-Caloocan,,,03/07/2021 02:00:00,03/07/2021 02:30:00,Case Factory,9219306076,,"Katurian Rd, corner Mabato, Taguig, Metro Manila, Philippines",Taguig City,Philippines,,03/07/2021 03:00:00,03/07/2021 03:30:00,Lazada Tipas Cross-dock,9178058015,,YOJ-181-1623984455771,,
1 package,5,50,40,40,1,sameday,"138F Narra St,Metro Manila~Valenzuela,Valenzuela City,Parada",Metro Manila-Valenzuela,,,03/07/2021 04:00:00,03/07/2021 04:30:00,Mandarin,9777595574,,"Katurian Rd, corner Mabato, Taguig, Metro Manila, Philippines",Taguig City,Philippines,,03/07/2021 05:00:00,03/07/2021 05:30:00,Lazada Tipas Cross-dock,9178058015,,YOJ-182-1623984455771,,
1 package,5,50,40,40,1,sameday,"52 A. Pablo St, Valenzuela, Metro Manila",Metro Manila~Valenzuela,,,03/07/2021 06:00:00,03/07/2021 06:30:00,Black worm,9173793256,,"Katurian Rd, corner Mabato, Taguig, Metro Manila, Philippines",Taguig City,Philippines,,03/07/2021 07:00:00,03/07/2021 07:30:00,Lazada Tipas Cross-dock,9178058015,,YOJ-183-1623984455771,,
1 package,5,50,40,40,1,sameday,6A Dama De Noche St. UPSN Comp. Brgy. Marcelo Green Sucat Paranaque,Metro Manila-Paranaque,,,03/07/2021 08:00:00,03/07/2021 08:30:00,X-One,9055684916,,"Katurian Rd, corner Mabato, Taguig, Metro Manila, Philippines",Taguig City,Philippines,,03/07/2021 09:00:00,03/07/2021 09:30:00,Lazada Tipas Cross-dock,9178058015,,YOJ-184-1623984455771,,
1 package,5,50,40,40,1,sameday,"KLG Bldg. Delbros Ave cor. Venicia De Leon St. Brgy. Ibayo, Paranaque City",Metro Manila-Paranaque,,,03/07/2021 10:00:00,03/07/2021 10:30:00,Arcopal Philippines,9061690876,,"Katurian Rd, corner Mabato, Taguig, Metro Manila, Philippines",Taguig City,Philippines,,03/07/2021 11:00:00,03/07/2021 11:30:00,Lazada Tipas Cross-dock,9178058015,,YOJ-185-1623984455771,,
1 package,5,50,40,40,1,sameday,367-369 Rizal avenue extension between 9th and 10th avenue Caloocan city.,Metro Manila-Caloocan,,,03/07/2021 12:00:00,03/07/2021 12:30:00,Motorcycle Lifestyle,9176684568,,"Katurian Rd, corner Mabato, Taguig, Metro Manila, Philippines",Taguig City,Philippines,,03/07/2021 13:00:00,03/07/2021 13:30:00,Lazada Tipas Cross-dock,9178058015,,YOJ-186-1623984455771,,
1 package,5,50,40,40,1,sameday,"B7 L1 Alley 6 Dahlia St. Metrocor Homes Almar Subdivision.,Metro Manila~Caloocan,Caloocan City,Barangay 177",Metro Manila-Caloocan,,,03/07/2021 14:00:00,03/07/2021 14:30:00,CJZM,9335651112,,"Katurian Rd, corner Mabato, Taguig, Metro Manila, Philippines",Taguig City,Philippines,,03/07/2021 15:00:00,03/07/2021 15:30:00,Lazada Tipas Cross-dock,9178058015,,YOJ-187-1623984455771,,
1 package,5,50,40,40,1,sameday,"2643N Taft Avenue, Pasay City",Metro Manila-Pasay,Philippines,1302,03/07/2021 16:00:00,03/07/2021 16:30:00,Logitech - Exclusives,9550913816,,"Katurian Rd, corner Mabato, Taguig, Metro Manila, Philippines",Taguig City,Philippines,,03/07/2021 17:00:00,03/07/2021 17:30:00,Lazada Tipas Cross-dock,9178058015,,YOJ-188-1623984455771,,
1 package,5,50,40,40,1,sameday,"5F 830B T. Alonzo St., Brgy. 313 Sta. Cruz, Manila 1003",Metro Manila-Manila,,,03/07/2021 18:00:00,03/07/2021 18:30:00,Hoardables,9175277331,,"Katurian Rd, corner Mabato, Taguig, Metro Manila, Philippines",Taguig City,Philippines,,03/07/2021 19:00:00,03/07/2021 19:30:00,Lazada Tipas Cross-dock,9178058015,,YOJ-189-1623984455771,,
1 package,5,50,40,40,1,sameday,"Unit905 Gaisano Tower 328 C.Palanca., Quiapo, Manila,Metro Manila~Manila,Quiapo,Barangay 308",Metro Manila-Manila,,,03/07/2021 20:00:00,03/07/2021 20:30:00,Megasonic,9212062881,,"Katurian Rd, corner Mabato, Taguig, Metro Manila, Philippines",Taguig City,Philippines,,03/07/2021 21:00:00,03/07/2021 21:30:00,Lazada Tipas Cross-dock,9178058015,,YOJ-190-1623984455771,,
1 package,5,50,40,40,1,sameday,"5F 830B T. Alonzo St., Brgy. 313 Sta. Cruz, Manila 1003",Metro Manila-Manila,,,03/07/2021 22:00:00,03/07/2021 22:30:00,Hoardables,9175277331,,"Katurian Rd, corner Mabato, Taguig, Metro Manila, Philippines",Taguig City,Philippines,,03/07/2021 23:00:00,03/07/2021 23:30:00,Lazada Tipas Cross-dock,9178058015,,YOJ-191-1623984455771,,
1 package,5,50,40,40,1,sameday,"Park Lane Tower ROOM 601, 1107 Mayhaligue st, Tondo,Manila,Metro Manila~Manila,Tondo I / Ii,Barangay 238",Metro Manila-Manila,,,04/07/2021 00:00:00,04/07/2021 00:30:00,Maxbazaar,9158867637,,"Katurian Rd, corner Mabato, Taguig, Metro Manila, Philippines",Taguig City,Philippines,,04/07/2021 01:00:00,04/07/2021 01:30:00,Lazada Tipas Cross-dock,9178058015,,YOJ-192-1623984455771,,
1 package,5,50,40,40,1,sameday,"15 Hernandez St. SFDM Quezon City,Metro Manila~Quezon City,Quezon City,Paltok",Metro Manila-Quezon City,,,04/07/2021 02:00:00,04/07/2021 02:30:00,Getha ,9178367890,,"Katurian Rd, corner Mabato, Taguig, Metro Manila, Philippines",Taguig City,Philippines,,04/07/2021 03:00:00,04/07/2021 03:30:00,Lazada Tipas Cross-dock,9178058015,,YOJ-193-1623984455771,,
1 package,5,50,40,40,1,sameday,"15 Hernandez St. SFDM Quezon City,Metro Manila~Quezon City,Quezon City,Paltok",Metro Manila-Quezon City,,,04/07/2021 04:00:00,04/07/2021 04:30:00,Getha ,9178367890,,"Katurian Rd, corner Mabato, Taguig, Metro Manila, Philippines",Taguig City,Philippines,,04/07/2021 05:00:00,04/07/2021 05:30:00,Lazada Tipas Cross-dock,9178058015,,YOJ-194-1623984455771,,
1 package,5,50,40,40,1,sameday,"17 leland drive, barangay baesa,quezon city,Metro Manila~Quezon City,Quezon City,Baesa",Metro Manila-Quezon City,,,04/07/2021 06:00:00,04/07/2021 06:30:00,Best good quality,9564004044,,"Katurian Rd, corner Mabato, Taguig, Metro Manila, Philippines",Taguig City,Philippines,,04/07/2021 07:00:00,04/07/2021 07:30:00,Lazada Tipas Cross-dock,9178058015,,YOJ-195-1623984455771,,
1 package,5,50,40,40,1,sameday,"2182 Sobriedad Extension,Metro Manila~Manila,Sampaloc,Barangay 540",Metro Manila-Manila,,,04/07/2021 08:00:00,04/07/2021 08:30:00,Trusty Hub,9387892799,,"Katurian Rd, corner Mabato, Taguig, Metro Manila, Philippines",Taguig City,Philippines,,04/07/2021 09:00:00,04/07/2021 09:30:00,Lazada Tipas Cross-dock,9178058015,,YOJ-196-1623984455771,,
1 package,5,50,40,40,1,sameday,6A Dama De Noche St. UPSN Comp. Brgy. Marcelo Green Sucat Paranaque,Metro Manila-Paranaque,,,04/07/2021 10:00:00,04/07/2021 10:30:00,Tech Buddy Central,9055684916,,"Katurian Rd, corner Mabato, Taguig, Metro Manila, Philippines",Taguig City,Philippines,,04/07/2021 11:00:00,04/07/2021 11:30:00,Lazada Tipas Cross-dock,9178058015,,YOJ-197-1623984455771,,
1 package,5,50,40,40,1,sameday,"Park Lane Tower ROOM 601, 1107 Mayhaligue st, Tondo,Manila,Metro Manila~Manila,Tondo I / Ii,Barangay 238",Metro Manila-Manila,,,04/07/2021 12:00:00,04/07/2021 12:30:00,Maxbazaar,9158867637,,"Katurian Rd, corner Mabato, Taguig, Metro Manila, Philippines",Taguig City,Philippines,,04/07/2021 13:00:00,04/07/2021 13:30:00,Lazada Tipas Cross-dock,9178058015,,YOJ-198-1623984455771,,
1 package,5,50,40,40,1,sameday,"143 Puso Street Coloong I, Valenzuela City,Metro Manila~Valenzuela,Valenzuela City,Coloong",Metro Manila-Valenzuela,,,04/07/2021 14:00:00,04/07/2021 14:30:00,grandera,9672231085,,"Katurian Rd, corner Mabato, Taguig, Metro Manila, Philippines",Taguig City,Philippines,,04/07/2021 15:00:00,04/07/2021 15:30:00,Lazada Tipas Cross-dock,9178058015,,YOJ-199-1623984455771,,